zone,contract,resource,period,net_energy_mwh_per_year,net_subhourly_energy_mwh_per_year,scheduled_curtailment_mwh_per_year,units_started_per_year,units_shut_down_per_year
BANC,BANC,BANC_Biomass_for_Other,2020,0.0,0.0,0.0,0.0,0.0
BANC,BANC,BANC_Biomass_for_Other,2022,0.0,0.0,0.0,0.0,0.0
BANC,BANC,BANC_Biomass_for_Other,2026,0.0,0.0,0.0,0.0,0.0
BANC,BANC,BANC_Biomass_for_Other,2030,0.0,0.0,0.0,0.0,0.0
BANC,BANC,BANC_CCGT,2020,4054024.131527155,0.0,0.0,0.0,0.0
BANC,BANC,BANC_CCGT,2022,4199611.801388757,0.0,0.0,0.0,0.0
BANC,BANC,BANC_CCGT,2026,4285815.911348818,0.0,0.0,0.0,0.0
BANC,BANC,BANC_CCGT,2030,3929235.6886844304,0.0,0.0,0.0,0.0
BANC,BANC,BANC_Geothermal_for_Other,2020,0.0,0.0,0.0,0.0,0.0
BANC,BANC,BANC_Geothermal_for_Other,2022,0.0,0.0,0.0,0.0,0.0
BANC,BANC,BANC_Geothermal_for_Other,2026,0.0,0.0,0.0,0.0,0.0
BANC,BANC,BANC_Geothermal_for_Other,2030,0.0,0.0,0.0,0.0,0.0
BANC,BANC,BANC_Hydro,2020,7022471.026467299,0.0,0.0,0.0,0.0
BANC,BANC,BANC_Hydro,2022,7022468.410568605,0.0,0.0,0.0,0.0
BANC,BANC,BANC_Hydro,2026,7022469.979008858,0.0,0.0,0.0,0.0
BANC,BANC,BANC_Hydro,2030,7022468.5662073195,0.0,0.0,0.0,0.0
BANC,BANC,BANC_Peaker,2020,0.0,0.0,0.0,0.0,0.0
BANC,BANC,BANC_Peaker,2022,0.0,0.0,0.0,0.0,0.0
BANC,BANC,BANC_Peaker,2026,0.0,0.0,0.0,0.0,0.0
BANC,BANC,BANC_Peaker,2030,0.0,0.0,0.0,0.0,0.0
BANC,BANC,BANC_Small_Hydro_for_Other,2020,0.0,0.0,0.0,0.0,0.0
BANC,BANC,BANC_Small_Hydro_for_Other,2022,0.0,0.0,0.0,0.0,0.0
BANC,BANC,BANC_Small_Hydro_for_Other,2026,0.0,0.0,0.0,0.0,0.0
BANC,BANC,BANC_Small_Hydro_for_Other,2030,0.0,0.0,0.0,0.0,0.0
BANC,BANC,BANC_Solar_for_Other,2020,4938365.312429833,0.0,0.0,0.0,0.0
BANC,BANC,BANC_Solar_for_Other,2022,5872697.217031317,0.0,0.0,0.0,0.0
BANC,BANC,BANC_Solar_for_Other,2026,7599263.983760209,0.0,43140.67790959067,0.0,0.0
BANC,BANC,BANC_Solar_for_Other,2030,8777910.344237817,0.0,505185.7344963964,0.0,0.0
BANC,BANC,BANC_Wind_for_Other,2020,0.0,0.0,0.0,0.0,0.0
BANC,BANC,BANC_Wind_for_Other,2022,0.0,0.0,0.0,0.0,0.0
BANC,BANC,BANC_Wind_for_Other,2026,0.0,0.0,0.0,0.0,0.0
BANC,BANC,BANC_Wind_for_Other,2030,0.0,0.0,0.0,0.0,0.0
BANC,CAISO,BANC_Small_Hydro_for_CAISO,2020,0.0,0.0,0.0,0.0,0.0
BANC,CAISO,BANC_Small_Hydro_for_CAISO,2022,0.0,0.0,0.0,0.0,0.0
BANC,CAISO,BANC_Small_Hydro_for_CAISO,2026,0.0,0.0,0.0,0.0,0.0
BANC,CAISO,BANC_Small_Hydro_for_CAISO,2030,0.0,0.0,0.0,0.0,0.0
CAISO,CAISO,Arizona_Solar,2020,0.0,0.0,0.0,0.0,0.0
CAISO,CAISO,Arizona_Solar,2022,0.0,0.0,0.0,0.0,0.0
CAISO,CAISO,Arizona_Solar,2026,0.0,0.0,0.0,0.0,0.0
CAISO,CAISO,Arizona_Solar,2030,0.0,0.0,0.0,0.0,0.0
CAISO,CAISO,Arizona_Wind,2020,0.0,0.0,0.0,0.0,0.0
CAISO,CAISO,Arizona_Wind,2022,0.0,0.0,0.0,0.0,0.0
CAISO,CAISO,Arizona_Wind,2026,0.0,0.0,0.0,0.0,0.0
CAISO,CAISO,Arizona_Wind,2030,0.0,0.0,0.0,0.0,0.0
CAISO,CAISO,Baja_California_Solar,2020,0.0,0.0,0.0,0.0,0.0
CAISO,CAISO,Baja_California_Solar,2022,0.0,0.0,0.0,0.0,0.0
CAISO,CAISO,Baja_California_Solar,2026,0.0,0.0,0.0,0.0,0.0
CAISO,CAISO,Baja_California_Solar,2030,0.0,0.0,0.0,0.0,0.0
CAISO,CAISO,Baja_California_Wind,2020,0.0,0.0,0.0,0.0,0.0
CAISO,CAISO,Baja_California_Wind,2022,0.0,0.0,0.0,0.0,0.0
CAISO,CAISO,Baja_California_Wind,2026,0.0,0.0,0.0,0.0,0.0
CAISO,CAISO,Baja_California_Wind,2030,0.0,0.0,0.0,0.0,0.0
CAISO,CAISO,CAISO_Advanced_CCGT,2020,0.0,0.0,0.0,0.0,0.0
CAISO,CAISO,CAISO_Advanced_CCGT,2022,0.0,0.0,0.0,0.0,0.0
CAISO,CAISO,CAISO_Advanced_CCGT,2026,0.0,0.0,0.0,0.0,0.0
CAISO,CAISO,CAISO_Advanced_CCGT,2030,0.0,0.0,0.0,0.0,0.0
CAISO,CAISO,CAISO_Aero_CT,2020,0.0,0.0,0.0,0.0,0.0
CAISO,CAISO,CAISO_Aero_CT,2022,0.0,0.0,0.0,0.0,0.0
CAISO,CAISO,CAISO_Aero_CT,2026,0.0,0.0,0.0,0.0,0.0
CAISO,CAISO,CAISO_Aero_CT,2030,0.0,0.0,0.0,0.0,0.0
CAISO,CAISO,CAISO_BTM_Li_Battery,2020,-106237.66576648175,0.0,0.0,0.0,0.0
CAISO,CAISO,CAISO_BTM_Li_Battery,2022,-225543.01351143542,0.0,0.0,0.0,0.0
CAISO,CAISO,CAISO_BTM_Li_Battery,2026,-245314.74137054797,0.0,0.0,0.0,0.0
CAISO,CAISO,CAISO_BTM_Li_Battery,2030,-279569.7367352665,0.0,0.0,0.0,0.0
CAISO,CAISO,CAISO_Biomass_for_CAISO,2020,6675558.000000036,0.0,0.0,0.0,0.0
CAISO,CAISO,CAISO_Biomass_for_CAISO,2022,6675558.000000036,0.0,0.0,0.0,0.0
CAISO,CAISO,CAISO_Biomass_for_CAISO,2026,6675558.000000036,0.0,0.0,0.0,0.0
CAISO,CAISO,CAISO_Biomass_for_CAISO,2030,6661279.200000033,0.0,0.0,0.0,0.0
CAISO,CAISO,CAISO_Biomass_for_Other,2020,102491.99999999926,0.0,0.0,0.0,0.0
CAISO,CAISO,CAISO_Biomass_for_Other,2022,102491.99999999926,0.0,0.0,0.0,0.0
CAISO,CAISO,CAISO_Biomass_for_Other,2026,102491.99999999926,0.0,0.0,0.0,0.0
CAISO,CAISO,CAISO_Biomass_for_Other,2030,102491.99999999926,0.0,0.0,0.0,0.0
CAISO,CAISO,CAISO_CCGT1,2020,56947634.06927752,-97107.58588744522,0.0,0.0,0.0
CAISO,CAISO,CAISO_CCGT1,2022,18370385.78643532,-73868.73011793723,0.0,1033.6958409730187,1033.6958777192356
CAISO,CAISO,CAISO_CCGT1,2026,44547587.06264959,-59535.73481369957,0.0,4082.4135537658835,4082.413551796189
CAISO,CAISO,CAISO_CCGT1,2030,28410185.585612122,129433.37022675028,0.0,567.904740629285,567.9047252679445
CAISO,CAISO,CAISO_CCGT2,2020,228805.99743353116,1326.95143002944,0.0,16.381024733891127,16.381024733891127
CAISO,CAISO,CAISO_CCGT2,2022,106798.96242038427,-3266.2343261320607,0.0,224.6749679285473,224.67496792854723
CAISO,CAISO,CAISO_CCGT2,2026,0.0,0.0,0.0,0.0,0.0
CAISO,CAISO,CAISO_CCGT2,2030,0.0,0.0,0.0,0.0,0.0
CAISO,CAISO,CAISO_CHP,2020,10881055.305580143,0.0,0.0,0.0,0.0
CAISO,CAISO,CAISO_CHP,2022,10881055.305580143,0.0,0.0,0.0,0.0
CAISO,CAISO,CAISO_CHP,2026,10881055.305580143,0.0,0.0,0.0,0.0
CAISO,CAISO,CAISO_CHP,2030,10881055.305580143,0.0,0.0,0.0,0.0
CAISO,CAISO,CAISO_Coal,2020,1854958.5714144362,0.0,0.0,0.0,0.0
CAISO,CAISO,CAISO_Coal,2022,155467.22256072774,0.0,0.0,0.0,0.0
CAISO,CAISO,CAISO_Coal,2026,0.0,0.0,0.0,0.0,0.0
CAISO,CAISO,CAISO_Coal,2030,0.0,0.0,0.0,0.0,0.0
CAISO,CAISO,CAISO_Existing_Pumped_Storage,2020,-33416.466809185345,-175928.2519736499,0.0,0.0,0.0
CAISO,CAISO,CAISO_Existing_Pumped_Storage,2022,-1230793.092557401,272141.37562106055,0.0,0.0,0.0
CAISO,CAISO,CAISO_Existing_Pumped_Storage,2026,-1275252.093577045,276818.440777935,0.0,0.0,0.0
CAISO,CAISO,CAISO_Existing_Pumped_Storage,2030,-1016627.1868174749,176493.4331017943,0.0,0.0,0.0
CAISO,CAISO,CAISO_Geothermal_for_CAISO,2020,12702963.600000072,0.0,0.0,0.0,0.0
CAISO,CAISO,CAISO_Geothermal_for_CAISO,2022,12702963.600000072,0.0,0.0,0.0,0.0
CAISO,CAISO,CAISO_Geothermal_for_CAISO,2026,12702963.600000072,0.0,0.0,0.0,0.0
CAISO,CAISO,CAISO_Geothermal_for_CAISO,2030,12702963.600000072,0.0,0.0,0.0,0.0
CAISO,CAISO,CAISO_Geothermal_for_Other,2020,338749.19999999605,0.0,0.0,0.0,0.0
CAISO,CAISO,CAISO_Geothermal_for_Other,2022,338749.19999999605,0.0,0.0,0.0,0.0
CAISO,CAISO,CAISO_Geothermal_for_Other,2026,338749.19999999605,0.0,0.0,0.0,0.0
CAISO,CAISO,CAISO_Geothermal_for_Other,2030,338749.19999999605,0.0,0.0,0.0,0.0
CAISO,CAISO,CAISO_Hydro,2020,18367090.702135663,302695.81881374255,0.0,0.0,0.0
CAISO,CAISO,CAISO_Hydro,2022,18984899.22664447,-315110.41844175686,0.0,0.0,0.0
CAISO,CAISO,CAISO_Hydro,2026,18865004.363749653,-195215.43692979953,0.0,0.0,0.0
CAISO,CAISO,CAISO_Hydro,2030,19073938.23675046,-405703.98261279933,0.0,0.0,0.0
CAISO,CAISO,CAISO_New_Flow_Battery,2020,0.0,0.0,0.0,0.0,0.0
CAISO,CAISO,CAISO_New_Flow_Battery,2022,0.0,0.0,0.0,0.0,0.0
CAISO,CAISO,CAISO_New_Flow_Battery,2026,0.0,0.0,0.0,0.0,0.0
CAISO,CAISO,CAISO_New_Flow_Battery,2030,0.0,0.0,0.0,0.0,0.0
CAISO,CAISO,CAISO_New_Flow_Battery_2,2020,0.0,0.0,0.0,0.0,0.0
CAISO,CAISO,CAISO_New_Flow_Battery_2,2022,0.0,0.0,0.0,0.0,0.0
CAISO,CAISO,CAISO_New_Flow_Battery_2,2026,0.0,0.0,0.0,0.0,0.0
CAISO,CAISO,CAISO_New_Flow_Battery_2,2030,0.0,0.0,0.0,0.0,0.0
CAISO,CAISO,CAISO_New_Flow_Battery_3,2020,0.0,0.0,0.0,0.0,0.0
CAISO,CAISO,CAISO_New_Flow_Battery_3,2022,0.0,0.0,0.0,0.0,0.0
CAISO,CAISO,CAISO_New_Flow_Battery_3,2026,0.0,0.0,0.0,0.0,0.0
CAISO,CAISO,CAISO_New_Flow_Battery_3,2030,0.0,0.0,0.0,0.0,0.0
CAISO,CAISO,CAISO_New_Flow_Battery_4,2020,0.0,0.0,0.0,0.0,0.0
CAISO,CAISO,CAISO_New_Flow_Battery_4,2022,0.0,0.0,0.0,0.0,0.0
CAISO,CAISO,CAISO_New_Flow_Battery_4,2026,0.0,0.0,0.0,0.0,0.0
CAISO,CAISO,CAISO_New_Flow_Battery_4,2030,0.0,0.0,0.0,0.0,0.0
CAISO,CAISO,CAISO_New_Flow_Battery_5,2020,0.0,0.0,0.0,0.0,0.0
CAISO,CAISO,CAISO_New_Flow_Battery_5,2022,0.0,0.0,0.0,0.0,0.0
CAISO,CAISO,CAISO_New_Flow_Battery_5,2026,0.0,0.0,0.0,0.0,0.0
CAISO,CAISO,CAISO_New_Flow_Battery_5,2030,0.0,0.0,0.0,0.0,0.0
CAISO,CAISO,CAISO_New_Li_Battery,2020,-74337.95051224573,-93298.22954184175,0.0,0.0,0.0
CAISO,CAISO,CAISO_New_Li_Battery,2022,-2171991.584519134,1098534.5572460282,0.0,0.0,0.0
CAISO,CAISO,CAISO_New_Li_Battery,2026,-2982727.176133025,889326.9207794913,0.0,0.0,0.0
CAISO,CAISO,CAISO_New_Li_Battery,2030,-3850173.2100353506,664346.2610500448,0.0,0.0,0.0
CAISO,CAISO,CAISO_New_Li_Battery_2,2020,0.0,0.0,0.0,0.0,0.0
CAISO,CAISO,CAISO_New_Li_Battery_2,2022,0.0,0.0,0.0,0.0,0.0
CAISO,CAISO,CAISO_New_Li_Battery_2,2026,0.0,0.0,0.0,0.0,0.0
CAISO,CAISO,CAISO_New_Li_Battery_2,2030,-2151114.660613137,419001.6013404414,0.0,0.0,0.0
CAISO,CAISO,CAISO_New_Li_Battery_3,2020,0.0,0.0,0.0,0.0,0.0
CAISO,CAISO,CAISO_New_Li_Battery_3,2022,0.0,0.0,0.0,0.0,0.0
CAISO,CAISO,CAISO_New_Li_Battery_3,2026,0.0,0.0,0.0,0.0,0.0
CAISO,CAISO,CAISO_New_Li_Battery_3,2030,-1589773.721543418,-87052.74238477043,0.0,0.0,0.0
CAISO,CAISO,CAISO_New_Li_Battery_4,2020,0.0,0.0,0.0,0.0,0.0
CAISO,CAISO,CAISO_New_Li_Battery_4,2022,0.0,0.0,0.0,0.0,0.0
CAISO,CAISO,CAISO_New_Li_Battery_4,2026,0.0,0.0,0.0,0.0,0.0
CAISO,CAISO,CAISO_New_Li_Battery_4,2030,-942202.5824855509,0.0,0.0,0.0,0.0
CAISO,CAISO,CAISO_New_Li_Battery_5,2020,0.0,0.0,0.0,0.0,0.0
CAISO,CAISO,CAISO_New_Li_Battery_5,2022,0.0,0.0,0.0,0.0,0.0
CAISO,CAISO,CAISO_New_Li_Battery_5,2026,0.0,0.0,0.0,0.0,0.0
CAISO,CAISO,CAISO_New_Li_Battery_5,2030,0.0,0.0,0.0,0.0,0.0
CAISO,CAISO,CAISO_New_Li_Battery_6,2020,0.0,0.0,0.0,0.0,0.0
CAISO,CAISO,CAISO_New_Li_Battery_6,2022,0.0,0.0,0.0,0.0,0.0
CAISO,CAISO,CAISO_New_Li_Battery_6,2026,0.0,0.0,0.0,0.0,0.0
CAISO,CAISO,CAISO_New_Li_Battery_6,2030,0.0,0.0,0.0,0.0,0.0
CAISO,CAISO,CAISO_New_Pumped_Storage,2020,0.0,0.0,0.0,0.0,0.0
CAISO,CAISO,CAISO_New_Pumped_Storage,2022,0.0,0.0,0.0,0.0,0.0
CAISO,CAISO,CAISO_New_Pumped_Storage,2026,-291942.04938613245,67828.76523163906,0.0,0.0,0.0
CAISO,CAISO,CAISO_New_Pumped_Storage,2030,-276338.6299671362,81786.56075664566,0.0,0.0,0.0
CAISO,CAISO,CAISO_Nuclear,2020,23611122.76847004,0.0,0.0,0.0,0.0
CAISO,CAISO,CAISO_Nuclear,2022,23611122.76847004,0.0,0.0,0.0,0.0
CAISO,CAISO,CAISO_Nuclear,2026,5108368.98057186,0.0,0.0,0.0,0.0
CAISO,CAISO,CAISO_Nuclear,2030,5108368.98057186,0.0,0.0,0.0,0.0
CAISO,CAISO,CAISO_Peaker1,2020,1182005.9480214727,132853.0559230318,0.0,11230.000495994003,11230.000457046875
CAISO,CAISO,CAISO_Peaker1,2022,2070440.3311606192,237601.75429433258,0.0,18987.80641383235,18987.80633893569
CAISO,CAISO,CAISO_Peaker1,2026,46041.62383679506,8081.908400066267,0.0,695.1534644265149,695.1534644265149
CAISO,CAISO,CAISO_Peaker1,2030,0.0,0.0,0.0,0.0,0.0
CAISO,CAISO,CAISO_Peaker2,2020,0.0,0.0,0.0,0.0,0.0
CAISO,CAISO,CAISO_Peaker2,2022,0.0,0.0,0.0,0.0,0.0
CAISO,CAISO,CAISO_Peaker2,2026,0.0,0.0,0.0,0.0,0.0
CAISO,CAISO,CAISO_Peaker2,2030,0.0,0.0,0.0,0.0,0.0
CAISO,CAISO,CAISO_Reciprocating_Engine,2020,70202.24248611782,70522.09290413623,0.0,9017.81496186617,9017.814958845023
CAISO,CAISO,CAISO_Reciprocating_Engine,2022,73115.32334267588,71237.89295391139,0.0,8997.563537569149,8997.563554634266
CAISO,CAISO,CAISO_Reciprocating_Engine,2026,15319.128970626267,12393.758124138198,0.0,4458.747696732034,4458.747696732034
CAISO,CAISO,CAISO_Reciprocating_Engine,2030,6567.641110883056,4087.8484257260234,0.0,2110.013697836482,2110.013697836482
CAISO,CAISO,CAISO_ST,2020,0.0,0.0,0.0,0.0,0.0
CAISO,CAISO,CAISO_ST,2022,0.0,0.0,0.0,0.0,0.0
CAISO,CAISO,CAISO_ST,2026,0.0,0.0,0.0,0.0,0.0
CAISO,CAISO,CAISO_ST,2030,0.0,0.0,0.0,0.0,0.0
CAISO,CAISO,CAISO_Shed_DR_Existing,2020,0.0,0.0,0.0,0.0,0.0
CAISO,CAISO,CAISO_Shed_DR_Existing,2022,0.0,0.0,0.0,0.0,0.0
CAISO,CAISO,CAISO_Shed_DR_Existing,2026,0.0,0.0,0.0,0.0,0.0
CAISO,CAISO,CAISO_Shed_DR_Existing,2030,0.0,0.0,0.0,0.0,0.0
CAISO,CAISO,CAISO_Shed_DR_Tranche1,2020,0.0,0.0,0.0,0.0,0.0
CAISO,CAISO,CAISO_Shed_DR_Tranche1,2022,0.0,0.0,0.0,0.0,0.0
CAISO,CAISO,CAISO_Shed_DR_Tranche1,2026,0.0,0.0,0.0,0.0,0.0
CAISO,CAISO,CAISO_Shed_DR_Tranche1,2030,0.0,0.0,0.0,0.0,0.0
CAISO,CAISO,CAISO_Shed_DR_Tranche2,2020,0.0,0.0,0.0,0.0,0.0
CAISO,CAISO,CAISO_Shed_DR_Tranche2,2022,0.0,0.0,0.0,0.0,0.0
CAISO,CAISO,CAISO_Shed_DR_Tranche2,2026,0.0,0.0,0.0,0.0,0.0
CAISO,CAISO,CAISO_Shed_DR_Tranche2,2030,0.0,0.0,0.0,0.0,0.0
CAISO,CAISO,CAISO_Shed_DR_Tranche3,2020,0.0,0.0,0.0,0.0,0.0
CAISO,CAISO,CAISO_Shed_DR_Tranche3,2022,0.0,0.0,0.0,0.0,0.0
CAISO,CAISO,CAISO_Shed_DR_Tranche3,2026,0.0,0.0,0.0,0.0,0.0
CAISO,CAISO,CAISO_Shed_DR_Tranche3,2030,0.0,0.0,0.0,0.0,0.0
CAISO,CAISO,CAISO_Shed_DR_Tranche4,2020,0.0,0.0,0.0,0.0,0.0
CAISO,CAISO,CAISO_Shed_DR_Tranche4,2022,0.0,0.0,0.0,0.0,0.0
CAISO,CAISO,CAISO_Shed_DR_Tranche4,2026,0.0,0.0,0.0,0.0,0.0
CAISO,CAISO,CAISO_Shed_DR_Tranche4,2030,0.0,0.0,0.0,0.0,0.0
CAISO,CAISO,CAISO_Shed_DR_Tranche5,2020,0.0,0.0,0.0,0.0,0.0
CAISO,CAISO,CAISO_Shed_DR_Tranche5,2022,0.0,0.0,0.0,0.0,0.0
CAISO,CAISO,CAISO_Shed_DR_Tranche5,2026,0.0,0.0,0.0,0.0,0.0
CAISO,CAISO,CAISO_Shed_DR_Tranche5,2030,0.0,0.0,0.0,0.0,0.0
CAISO,CAISO,CAISO_Shed_DR_Tranche6,2020,0.0,0.0,0.0,0.0,0.0
CAISO,CAISO,CAISO_Shed_DR_Tranche6,2022,0.0,0.0,0.0,0.0,0.0
CAISO,CAISO,CAISO_Shed_DR_Tranche6,2026,0.0,0.0,0.0,0.0,0.0
CAISO,CAISO,CAISO_Shed_DR_Tranche6,2030,0.0,0.0,0.0,0.0,0.0
CAISO,CAISO,CAISO_Shed_DR_Tranche7,2020,0.0,0.0,0.0,0.0,0.0
CAISO,CAISO,CAISO_Shed_DR_Tranche7,2022,0.0,0.0,0.0,0.0,0.0
CAISO,CAISO,CAISO_Shed_DR_Tranche7,2026,0.0,0.0,0.0,0.0,0.0
CAISO,CAISO,CAISO_Shed_DR_Tranche7,2030,0.0,0.0,0.0,0.0,0.0
CAISO,CAISO,CAISO_Shed_DR_Tranche8,2020,0.0,0.0,0.0,0.0,0.0
CAISO,CAISO,CAISO_Shed_DR_Tranche8,2022,0.0,0.0,0.0,0.0,0.0
CAISO,CAISO,CAISO_Shed_DR_Tranche8,2026,0.0,0.0,0.0,0.0,0.0
CAISO,CAISO,CAISO_Shed_DR_Tranche8,2030,0.0,0.0,0.0,0.0,0.0
CAISO,CAISO,CAISO_Small_Hydro_for_CAISO,2020,4205763.599999985,0.0,0.0,0.0,0.0
CAISO,CAISO,CAISO_Small_Hydro_for_CAISO,2022,4205763.599999985,0.0,0.0,0.0,0.0
CAISO,CAISO,CAISO_Small_Hydro_for_CAISO,2026,4205763.599999985,0.0,0.0,0.0,0.0
CAISO,CAISO,CAISO_Small_Hydro_for_CAISO,2030,4205763.599999985,0.0,0.0,0.0,0.0
CAISO,CAISO,CAISO_Small_Hydro_for_Other,2020,120887.99999999993,0.0,0.0,0.0,0.0
CAISO,CAISO,CAISO_Small_Hydro_for_Other,2022,120887.99999999993,0.0,0.0,0.0,0.0
CAISO,CAISO,CAISO_Small_Hydro_for_Other,2026,120887.99999999993,0.0,0.0,0.0,0.0
CAISO,CAISO,CAISO_Small_Hydro_for_Other,2030,120887.99999999993,0.0,0.0,0.0,0.0
CAISO,CAISO,CAISO_Solar_for_CAISO,2020,34873630.25357818,0.0,193489.18366944345,0.0,0.0
CAISO,CAISO,CAISO_Solar_for_CAISO,2022,28372713.995130837,0.0,8166206.428157523,0.0,0.0
CAISO,CAISO,CAISO_Solar_for_CAISO,2026,32470627.61809262,0.0,4068293.5108750467,0.0,0.0
CAISO,CAISO,CAISO_Solar_for_CAISO,2030,33741964.88513137,0.0,2796956.1734652827,0.0,0.0
CAISO,CAISO,CAISO_Solar_for_Other,2020,29007.937704065873,0.0,109.22429676259138,0.0,0.0
CAISO,CAISO,CAISO_Solar_for_Other,2022,25680.432814346466,0.0,3436.7291864820013,0.0,0.0
CAISO,CAISO,CAISO_Solar_for_Other,2026,28421.641453920893,0.0,695.5205469075792,0.0,0.0
CAISO,CAISO,CAISO_Solar_for_Other,2030,28113.942038983358,0.0,1003.2199618450983,0.0,0.0
CAISO,CAISO,CAISO_Wind_for_CAISO,2020,17609188.938218392,0.0,46928.071198707024,0.0,0.0
CAISO,CAISO,CAISO_Wind_for_CAISO,2022,16193610.22616152,0.0,1711380.0035987287,0.0,0.0
CAISO,CAISO,CAISO_Wind_for_CAISO,2026,15910885.407143246,0.0,1994104.7577622542,0.0,0.0
CAISO,CAISO,CAISO_Wind_for_CAISO,2030,17474915.055088103,0.0,430075.0388211249,0.0,0.0
CAISO,CAISO,CAISO_Wind_for_Other,2020,696100.1210775718,0.0,1486.999794874362,0.0,0.0
CAISO,CAISO,CAISO_Wind_for_Other,2022,669917.2412930323,0.0,27669.879579413668,0.0,0.0
CAISO,CAISO,CAISO_Wind_for_Other,2026,688127.0840736298,0.0,9460.03679881647,0.0,0.0
CAISO,CAISO,CAISO_Wind_for_Other,2030,686298.6046523701,0.0,11288.51622007616,0.0,0.0
CAISO,CAISO,Cape_Mendocino_Offshore_Wind,2020,0.0,0.0,0.0,0.0,0.0
CAISO,CAISO,Cape_Mendocino_Offshore_Wind,2022,0.0,0.0,0.0,0.0,0.0
CAISO,CAISO,Cape_Mendocino_Offshore_Wind,2026,0.0,0.0,0.0,0.0,0.0
CAISO,CAISO,Cape_Mendocino_Offshore_Wind,2030,0.0,0.0,0.0,0.0,0.0
CAISO,CAISO,Carrizo_Solar,2020,0.0,0.0,0.0,0.0,0.0
CAISO,CAISO,Carrizo_Solar,2022,0.0,0.0,0.0,0.0,0.0
CAISO,CAISO,Carrizo_Solar,2026,0.0,0.0,0.0,0.0,0.0
CAISO,CAISO,Carrizo_Solar,2030,0.0,0.0,0.0,0.0,0.0
CAISO,CAISO,Carrizo_Wind,2020,0.0,0.0,0.0,0.0,0.0
CAISO,CAISO,Carrizo_Wind,2022,0.0,0.0,0.0,0.0,0.0
CAISO,CAISO,Carrizo_Wind,2026,770219.7557600111,0.0,12360.075569918943,0.0,0.0
CAISO,CAISO,Carrizo_Wind,2030,769774.7284497893,0.0,12805.102880140803,0.0,0.0
CAISO,CAISO,Central_Valley_North_Los_Banos_Solar,2020,0.0,0.0,0.0,0.0,0.0
CAISO,CAISO,Central_Valley_North_Los_Banos_Solar,2022,0.0,0.0,0.0,0.0,0.0
CAISO,CAISO,Central_Valley_North_Los_Banos_Solar,2026,0.0,0.0,0.0,0.0,0.0
CAISO,CAISO,Central_Valley_North_Los_Banos_Solar,2030,0.0,0.0,0.0,0.0,0.0
CAISO,CAISO,Central_Valley_North_Los_Banos_Wind,2020,0.0,0.0,0.0,0.0,0.0
CAISO,CAISO,Central_Valley_North_Los_Banos_Wind,2022,452981.94614553347,0.0,18745.65334458267,0.0,0.0
CAISO,CAISO,Central_Valley_North_Los_Banos_Wind,2026,464289.6974431786,0.0,7437.902046937538,0.0,0.0
CAISO,CAISO,Central_Valley_North_Los_Banos_Wind,2030,463274.07926822215,0.0,8453.520221893948,0.0,0.0
CAISO,CAISO,Customer_PV,2020,18632793.842470102,0.0,0.0,0.0,0.0
CAISO,CAISO,Customer_PV,2022,23291226.1918022,0.0,0.0,0.0,0.0
CAISO,CAISO,Customer_PV,2026,30631194.167181794,0.0,0.0,0.0,0.0
CAISO,CAISO,Customer_PV,2030,38045617.67642591,0.0,0.0,0.0,0.0
CAISO,CAISO,Del_Norte_Offshore_Wind,2020,0.0,0.0,0.0,0.0,0.0
CAISO,CAISO,Del_Norte_Offshore_Wind,2022,0.0,0.0,0.0,0.0,0.0
CAISO,CAISO,Del_Norte_Offshore_Wind,2026,0.0,0.0,0.0,0.0,0.0
CAISO,CAISO,Del_Norte_Offshore_Wind,2030,0.0,0.0,0.0,0.0,0.0
CAISO,CAISO,Diablo_Canyon_Offshore_Wind,2020,0.0,0.0,0.0,0.0,0.0
CAISO,CAISO,Diablo_Canyon_Offshore_Wind,2022,0.0,0.0,0.0,0.0,0.0
CAISO,CAISO,Diablo_Canyon_Offshore_Wind,2026,0.0,0.0,0.0,0.0,0.0
CAISO,CAISO,Diablo_Canyon_Offshore_Wind,2030,0.0,0.0,0.0,0.0,0.0
CAISO,CAISO,Distributed_Solar,2020,0.0,0.0,0.0,0.0,0.0
CAISO,CAISO,Distributed_Solar,2022,0.0,0.0,0.0,0.0,0.0
CAISO,CAISO,Distributed_Solar,2026,0.0,0.0,0.0,0.0,0.0
CAISO,CAISO,Distributed_Solar,2030,0.0,0.0,0.0,0.0,0.0
CAISO,CAISO,Distributed_Wind,2020,0.0,0.0,0.0,0.0,0.0
CAISO,CAISO,Distributed_Wind,2022,606884.3223217579,0.0,30094.69550310589,0.0,0.0
CAISO,CAISO,Distributed_Wind,2026,628211.6241020577,0.0,8767.393722806417,0.0,0.0
CAISO,CAISO,Distributed_Wind,2030,624591.8495755208,0.0,12387.168249343198,0.0,0.0
CAISO,CAISO,EV_Charging,2020,0.0,0.0,0.0,0.0,0.0
CAISO,CAISO,EV_Charging,2022,0.0,0.0,0.0,0.0,0.0
CAISO,CAISO,EV_Charging,2026,0.0,0.0,0.0,0.0,0.0
CAISO,CAISO,EV_Charging,2030,0.0,0.0,0.0,0.0,0.0
CAISO,CAISO,Greater_Imperial_Geothermal,2020,0.0,0.0,0.0,0.0,0.0
CAISO,CAISO,Greater_Imperial_Geothermal,2022,0.0,0.0,0.0,0.0,0.0
CAISO,CAISO,Greater_Imperial_Geothermal,2026,0.0,0.0,0.0,0.0,0.0
CAISO,CAISO,Greater_Imperial_Geothermal,2030,0.0,0.0,0.0,0.0,0.0
CAISO,CAISO,Greater_Imperial_Solar,2020,0.0,0.0,0.0,0.0,0.0
CAISO,CAISO,Greater_Imperial_Solar,2022,7205054.861467941,0.0,532451.7724849766,0.0,0.0
CAISO,CAISO,Greater_Imperial_Solar,2026,7471823.8454996105,0.0,265682.7721403201,0.0,0.0
CAISO,CAISO,Greater_Imperial_Solar,2030,7268169.162724004,0.0,469337.5544026823,0.0,0.0
CAISO,CAISO,Greater_Imperial_Wind,2020,0.0,0.0,0.0,0.0,0.0
CAISO,CAISO,Greater_Imperial_Wind,2022,0.0,0.0,0.0,0.0,0.0
CAISO,CAISO,Greater_Imperial_Wind,2026,0.0,0.0,0.0,0.0,0.0
CAISO,CAISO,Greater_Imperial_Wind,2030,0.0,0.0,0.0,0.0,0.0
CAISO,CAISO,Greater_Kramer_Wind,2020,0.0,0.0,0.0,0.0,0.0
CAISO,CAISO,Greater_Kramer_Wind,2022,0.0,0.0,0.0,0.0,0.0
CAISO,CAISO,Greater_Kramer_Wind,2026,0.0,0.0,0.0,0.0,0.0
CAISO,CAISO,Greater_Kramer_Wind,2030,0.0,0.0,0.0,0.0,0.0
CAISO,CAISO,Humboldt_Bay_Offshore_Wind,2020,0.0,0.0,0.0,0.0,0.0
CAISO,CAISO,Humboldt_Bay_Offshore_Wind,2022,0.0,0.0,0.0,0.0,0.0
CAISO,CAISO,Humboldt_Bay_Offshore_Wind,2026,0.0,0.0,0.0,0.0,0.0
CAISO,CAISO,Humboldt_Bay_Offshore_Wind,2030,0.0,0.0,0.0,0.0,0.0
CAISO,CAISO,Humboldt_Wind,2020,0.0,0.0,0.0,0.0,0.0
CAISO,CAISO,Humboldt_Wind,2022,84019.51188707782,0.0,3028.893719271166,0.0,0.0
CAISO,CAISO,Humboldt_Wind,2026,85960.75602808768,0.0,1087.649578261317,0.0,0.0
CAISO,CAISO,Humboldt_Wind,2030,86002.28566762035,0.0,1046.119938728657,0.0,0.0
CAISO,CAISO,Hydrogen_electrolysis,2020,0.0,0.0,0.0,0.0,0.0
CAISO,CAISO,Hydrogen_electrolysis,2022,0.0,0.0,0.0,0.0,0.0
CAISO,CAISO,Hydrogen_electrolysis,2026,0.0,0.0,0.0,0.0,0.0
CAISO,CAISO,Hydrogen_electrolysis,2030,0.0,0.0,0.0,0.0,0.0
CAISO,CAISO,Idaho_Wind,2020,0.0,0.0,0.0,0.0,0.0
CAISO,CAISO,Idaho_Wind,2022,0.0,0.0,0.0,0.0,0.0
CAISO,CAISO,Idaho_Wind,2026,0.0,0.0,0.0,0.0,0.0
CAISO,CAISO,Idaho_Wind,2030,0.0,0.0,0.0,0.0,0.0
CAISO,CAISO,InState_Biomass,2020,0.0,0.0,0.0,0.0,0.0
CAISO,CAISO,InState_Biomass,2022,0.0,0.0,0.0,0.0,0.0
CAISO,CAISO,InState_Biomass,2026,0.0,0.0,0.0,0.0,0.0
CAISO,CAISO,InState_Biomass,2030,0.0,0.0,0.0,0.0,0.0
CAISO,CAISO,Inyokern_North_Kramer_Geothermal,2020,0.0,0.0,0.0,0.0,0.0
CAISO,CAISO,Inyokern_North_Kramer_Geothermal,2022,0.0,0.0,0.0,0.0,0.0
CAISO,CAISO,Inyokern_North_Kramer_Geothermal,2026,0.0,0.0,0.0,0.0,0.0
CAISO,CAISO,Inyokern_North_Kramer_Geothermal,2030,0.0,0.0,0.0,0.0,0.0
CAISO,CAISO,Inyokern_North_Kramer_Solar,2020,0.0,0.0,0.0,0.0,0.0
CAISO,CAISO,Inyokern_North_Kramer_Solar,2022,769535.544568684,0.0,68616.61144889913,0.0,0.0
CAISO,CAISO,Inyokern_North_Kramer_Solar,2026,809386.7307950644,0.0,28765.425222518315,0.0,0.0
CAISO,CAISO,Inyokern_North_Kramer_Solar,2030,803087.8350614123,0.0,35064.32095617015,0.0,0.0
CAISO,CAISO,Kern_Greater_Carrizo_Solar,2020,0.0,0.0,0.0,0.0,0.0
CAISO,CAISO,Kern_Greater_Carrizo_Solar,2022,1783695.3730243074,0.0,184375.46804356732,0.0,0.0
CAISO,CAISO,Kern_Greater_Carrizo_Solar,2026,1907332.467187207,0.0,60738.37388066715,0.0,0.0
CAISO,CAISO,Kern_Greater_Carrizo_Solar,2030,21231536.42065717,0.0,1225530.2894360991,0.0,0.0
CAISO,CAISO,Kern_Greater_Carrizo_Wind,2020,0.0,0.0,0.0,0.0,0.0
CAISO,CAISO,Kern_Greater_Carrizo_Wind,2022,157123.30459058384,0.0,6482.095997352582,0.0,0.0
CAISO,CAISO,Kern_Greater_Carrizo_Wind,2026,160672.89282822429,0.0,2932.5077597120107,0.0,0.0
CAISO,CAISO,Kern_Greater_Carrizo_Wind,2030,160986.0821212609,0.0,2619.318466675388,0.0,0.0
CAISO,CAISO,Kramer_Inyokern_Ex_Solar,2020,0.0,0.0,0.0,0.0,0.0
CAISO,CAISO,Kramer_Inyokern_Ex_Solar,2022,2252338.572114929,0.0,175760.98505367618,0.0,0.0
CAISO,CAISO,Kramer_Inyokern_Ex_Solar,2026,2332065.5600518393,0.0,96033.99711676709,0.0,0.0
CAISO,CAISO,Kramer_Inyokern_Ex_Solar,2030,2337425.0626934357,0.0,90674.49447517071,0.0,0.0
CAISO,CAISO,Kramer_Inyokern_Ex_Wind,2020,0.0,0.0,0.0,0.0,0.0
CAISO,CAISO,Kramer_Inyokern_Ex_Wind,2022,0.0,0.0,0.0,0.0,0.0
CAISO,CAISO,Kramer_Inyokern_Ex_Wind,2026,0.0,0.0,0.0,0.0,0.0
CAISO,CAISO,Kramer_Inyokern_Ex_Wind,2030,0.0,0.0,0.0,0.0,0.0
CAISO,CAISO,Morro_Bay_Offshore_Wind,2020,0.0,0.0,0.0,0.0,0.0
CAISO,CAISO,Morro_Bay_Offshore_Wind,2022,0.0,0.0,0.0,0.0,0.0
CAISO,CAISO,Morro_Bay_Offshore_Wind,2026,0.0,0.0,0.0,0.0,0.0
CAISO,CAISO,Morro_Bay_Offshore_Wind,2030,0.0,0.0,0.0,0.0,0.0
CAISO,CAISO,NW_Ext_Tx_Wind,2020,0.0,0.0,0.0,0.0,0.0
CAISO,CAISO,NW_Ext_Tx_Wind,2022,3766402.967313172,0.0,93287.52522680876,0.0,0.0
CAISO,CAISO,NW_Ext_Tx_Wind,2026,3932503.7183025843,0.0,59546.69354640376,0.0,0.0
CAISO,CAISO,NW_Ext_Tx_Wind,2030,3925409.0118605364,0.0,66641.39998845129,0.0,0.0
CAISO,CAISO,New_Mexico_Solar,2020,0.0,0.0,0.0,0.0,0.0
CAISO,CAISO,New_Mexico_Solar,2022,0.0,0.0,0.0,0.0,0.0
CAISO,CAISO,New_Mexico_Solar,2026,0.0,0.0,0.0,0.0,0.0
CAISO,CAISO,New_Mexico_Solar,2030,0.0,0.0,0.0,0.0,0.0
CAISO,CAISO,New_Mexico_Wind,2020,0.0,0.0,0.0,0.0,0.0
CAISO,CAISO,New_Mexico_Wind,2022,0.0,0.0,0.0,0.0,0.0
CAISO,CAISO,New_Mexico_Wind,2026,0.0,0.0,0.0,0.0,0.0
CAISO,CAISO,New_Mexico_Wind,2030,0.0,0.0,0.0,0.0,0.0
CAISO,CAISO,North_Victor_Solar,2020,0.0,0.0,0.0,0.0,0.0
CAISO,CAISO,North_Victor_Solar,2022,783805.5409704224,0.0,62812.24553797836,0.0,0.0
CAISO,CAISO,North_Victor_Solar,2026,817577.9827736866,0.0,29039.803734714355,0.0,0.0
CAISO,CAISO,North_Victor_Solar,2030,821377.6280134976,0.0,25240.15849490338,0.0,0.0
CAISO,CAISO,Northern_California_Ex_Geothermal,2020,0.0,0.0,0.0,0.0,0.0
CAISO,CAISO,Northern_California_Ex_Geothermal,2022,0.0,0.0,0.0,0.0,0.0
CAISO,CAISO,Northern_California_Ex_Geothermal,2026,0.0,0.0,0.0,0.0,0.0
CAISO,CAISO,Northern_California_Ex_Geothermal,2030,0.0,0.0,0.0,0.0,0.0
CAISO,CAISO,Northern_California_Ex_Solar,2020,0.0,0.0,0.0,0.0,0.0
CAISO,CAISO,Northern_California_Ex_Solar,2022,0.0,0.0,0.0,0.0,0.0
CAISO,CAISO,Northern_California_Ex_Solar,2026,0.0,0.0,0.0,0.0,0.0
CAISO,CAISO,Northern_California_Ex_Solar,2030,0.0,0.0,0.0,0.0,0.0
CAISO,CAISO,Northern_California_Ex_Wind,2020,0.0,0.0,0.0,0.0,0.0
CAISO,CAISO,Northern_California_Ex_Wind,2022,2141006.2088966956,0.0,75936.60081737804,0.0,0.0
CAISO,CAISO,Northern_California_Ex_Wind,2026,2178225.9845039276,0.0,38716.82521014792,0.0,0.0
CAISO,CAISO,Northern_California_Ex_Wind,2030,2189334.6494139247,0.0,27608.16030015034,0.0,0.0
CAISO,CAISO,Pacific_Northwest_Geothermal,2020,0.0,0.0,0.0,0.0,0.0
CAISO,CAISO,Pacific_Northwest_Geothermal,2022,0.0,0.0,0.0,0.0,0.0
CAISO,CAISO,Pacific_Northwest_Geothermal,2026,0.0,0.0,0.0,0.0,0.0
CAISO,CAISO,Pacific_Northwest_Geothermal,2030,0.0,0.0,0.0,0.0,0.0
CAISO,CAISO,Pacific_Northwest_Wind,2020,0.0,0.0,0.0,0.0,0.0
CAISO,CAISO,Pacific_Northwest_Wind,2022,0.0,0.0,0.0,0.0,0.0
CAISO,CAISO,Pacific_Northwest_Wind,2026,0.0,0.0,0.0,0.0,0.0
CAISO,CAISO,Pacific_Northwest_Wind,2030,0.0,0.0,0.0,0.0,0.0
CAISO,CAISO,Riverside_Palm_Springs_Geothermal,2020,0.0,0.0,0.0,0.0,0.0
CAISO,CAISO,Riverside_Palm_Springs_Geothermal,2022,0.0,0.0,0.0,0.0,0.0
CAISO,CAISO,Riverside_Palm_Springs_Geothermal,2026,0.0,0.0,0.0,0.0,0.0
CAISO,CAISO,Riverside_Palm_Springs_Geothermal,2030,0.0,0.0,0.0,0.0,0.0
CAISO,CAISO,Riverside_Palm_Springs_Solar,2020,0.0,0.0,0.0,0.0,0.0
CAISO,CAISO,Riverside_Palm_Springs_Solar,2022,6643788.328126301,0.0,533583.1558361833,0.0,0.0
CAISO,CAISO,Riverside_Palm_Springs_Solar,2026,6930015.030200343,0.0,247356.47573280992,0.0,0.0
CAISO,CAISO,Riverside_Palm_Springs_Solar,2030,6826663.284667045,0.0,350708.19929543894,0.0,0.0
CAISO,CAISO,SCADSNV_Solar,2020,0.0,0.0,0.0,0.0,0.0
CAISO,CAISO,SCADSNV_Solar,2022,0.0,0.0,0.0,0.0,0.0
CAISO,CAISO,SCADSNV_Solar,2026,0.0,0.0,0.0,0.0,0.0
CAISO,CAISO,SCADSNV_Solar,2030,0.0,0.0,0.0,0.0,0.0
CAISO,CAISO,SCADSNV_Wind,2020,0.0,0.0,0.0,0.0,0.0
CAISO,CAISO,SCADSNV_Wind,2022,0.0,0.0,0.0,0.0,0.0
CAISO,CAISO,SCADSNV_Wind,2026,0.0,0.0,0.0,0.0,0.0
CAISO,CAISO,SCADSNV_Wind,2030,0.0,0.0,0.0,0.0,0.0
CAISO,CAISO,SW_Ext_Tx_Wind,2020,0.0,0.0,0.0,0.0,0.0
CAISO,CAISO,SW_Ext_Tx_Wind,2022,1496867.8784534435,0.0,87102.7242111561,0.0,0.0
CAISO,CAISO,SW_Ext_Tx_Wind,2026,1547372.10422167,0.0,36598.49844292977,0.0,0.0
CAISO,CAISO,SW_Ext_Tx_Wind,2030,1543288.0393042567,0.0,40682.563360342596,0.0,0.0
CAISO,CAISO,Sacramento_River_Solar,2020,0.0,0.0,0.0,0.0,0.0
CAISO,CAISO,Sacramento_River_Solar,2022,0.0,0.0,0.0,0.0,0.0
CAISO,CAISO,Sacramento_River_Solar,2026,0.0,0.0,0.0,0.0,0.0
CAISO,CAISO,Sacramento_River_Solar,2030,4088699.0740514095,0.0,196191.29484920428,0.0,0.0
CAISO,CAISO,Sacramento_River_Wind,2020,0.0,0.0,0.0,0.0,0.0
CAISO,CAISO,Sacramento_River_Wind,2022,0.0,0.0,0.0,0.0,0.0
CAISO,CAISO,Sacramento_River_Wind,2026,0.0,0.0,0.0,0.0,0.0
CAISO,CAISO,Sacramento_River_Wind,2030,0.0,0.0,0.0,0.0,0.0
CAISO,CAISO,Solano_Geothermal,2020,0.0,0.0,0.0,0.0,0.0
CAISO,CAISO,Solano_Geothermal,2022,1064339.9999999935,0.0,0.0,0.0,0.0
CAISO,CAISO,Solano_Geothermal,2026,1064339.9999999935,0.0,0.0,0.0,0.0
CAISO,CAISO,Solano_Geothermal,2030,1064339.9999999935,0.0,0.0,0.0,0.0
CAISO,CAISO,Solano_Solar,2020,0.0,0.0,0.0,0.0,0.0
CAISO,CAISO,Solano_Solar,2022,0.0,0.0,0.0,0.0,0.0
CAISO,CAISO,Solano_Solar,2026,0.0,0.0,0.0,0.0,0.0
CAISO,CAISO,Solano_Solar,2030,1518512.0695883697,0.0,71735.41826941354,0.0,0.0
CAISO,CAISO,Solano_Wind,2020,0.0,0.0,0.0,0.0,0.0
CAISO,CAISO,Solano_Wind,2022,1393243.6028763847,0.0,47974.83991837504,0.0,0.0
CAISO,CAISO,Solano_Wind,2026,1417054.5088695928,0.0,24163.9339251674,0.0,0.0
CAISO,CAISO,Solano_Wind,2030,1415496.7934678264,0.0,25721.649326933653,0.0,0.0
CAISO,CAISO,Solano_subzone_Solar,2020,0.0,0.0,0.0,0.0,0.0
CAISO,CAISO,Solano_subzone_Solar,2022,0.0,0.0,0.0,0.0,0.0
CAISO,CAISO,Solano_subzone_Solar,2026,0.0,0.0,0.0,0.0,0.0
CAISO,CAISO,Solano_subzone_Solar,2030,0.0,0.0,0.0,0.0,0.0
CAISO,CAISO,Solano_subzone_Wind,2020,0.0,0.0,0.0,0.0,0.0
CAISO,CAISO,Solano_subzone_Wind,2022,0.0,0.0,0.0,0.0,0.0
CAISO,CAISO,Solano_subzone_Wind,2026,0.0,0.0,0.0,0.0,0.0
CAISO,CAISO,Solano_subzone_Wind,2030,0.0,0.0,0.0,0.0,0.0
CAISO,CAISO,Southern_California_Desert_Ex_Solar,2020,0.0,0.0,0.0,0.0,0.0
CAISO,CAISO,Southern_California_Desert_Ex_Solar,2022,2168648.956868425,0.0,174662.84699661614,0.0,0.0
CAISO,CAISO,Southern_California_Desert_Ex_Solar,2026,2223643.905116866,0.0,119667.89874817537,0.0,0.0
CAISO,CAISO,Southern_California_Desert_Ex_Solar,2030,2259395.5041570896,0.0,83916.29970795201,0.0,0.0
CAISO,CAISO,Southern_California_Desert_Ex_Wind,2020,0.0,0.0,0.0,0.0,0.0
CAISO,CAISO,Southern_California_Desert_Ex_Wind,2022,0.0,0.0,0.0,0.0,0.0
CAISO,CAISO,Southern_California_Desert_Ex_Wind,2026,0.0,0.0,0.0,0.0,0.0
CAISO,CAISO,Southern_California_Desert_Ex_Wind,2030,0.0,0.0,0.0,0.0,0.0
CAISO,CAISO,Southern_Nevada_Geothermal,2020,0.0,0.0,0.0,0.0,0.0
CAISO,CAISO,Southern_Nevada_Geothermal,2022,702026.3999999985,0.0,0.0,0.0,0.0
CAISO,CAISO,Southern_Nevada_Geothermal,2026,702026.3999999985,0.0,0.0,0.0,0.0
CAISO,CAISO,Southern_Nevada_Geothermal,2030,702026.3999999985,0.0,0.0,0.0,0.0
CAISO,CAISO,Southern_Nevada_Solar,2020,0.0,0.0,0.0,0.0,0.0
CAISO,CAISO,Southern_Nevada_Solar,2022,384947.72428429115,0.0,28383.691910923655,0.0,0.0
CAISO,CAISO,Southern_Nevada_Solar,2026,400872.78781634546,0.0,12458.628378869316,0.0,0.0
CAISO,CAISO,Southern_Nevada_Solar,2030,397250.9107396912,0.0,16080.505455523496,0.0,0.0
CAISO,CAISO,Southern_Nevada_Wind,2020,0.0,0.0,0.0,0.0,0.0
CAISO,CAISO,Southern_Nevada_Wind,2022,1033212.9161337538,0.0,54848.77855592869,0.0,0.0
CAISO,CAISO,Southern_Nevada_Wind,2026,1063215.1547356315,0.0,24846.548987213646,0.0,0.0
CAISO,CAISO,Southern_Nevada_Wind,2030,1065943.660419106,0.0,22118.03427057664,0.0,0.0
CAISO,CAISO,Tehachapi_Ex_Solar,2020,0.0,0.0,0.0,0.0,0.0
CAISO,CAISO,Tehachapi_Ex_Solar,2022,3933134.552887741,0.0,278058.42904082336,0.0,0.0
CAISO,CAISO,Tehachapi_Ex_Solar,2026,4042656.344758274,0.0,168536.68259404253,0.0,0.0
CAISO,CAISO,Tehachapi_Ex_Solar,2030,4016626.6144084064,0.0,194566.41294391104,0.0,0.0
CAISO,CAISO,Tehachapi_Solar,2020,0.0,0.0,0.0,0.0,0.0
CAISO,CAISO,Tehachapi_Solar,2022,9766932.823004792,0.0,805075.6707756796,0.0,0.0
CAISO,CAISO,Tehachapi_Solar,2026,10129650.43396321,0.0,442358.10952931346,0.0,0.0
CAISO,CAISO,Tehachapi_Solar,2030,9951814.902224164,0.0,620193.9305517633,0.0,0.0
CAISO,CAISO,Tehachapi_Wind,2020,0.0,0.0,0.0,0.0,0.0
CAISO,CAISO,Tehachapi_Wind,2022,70147.68126180932,0.0,3092.9778218443876,0.0,0.0
CAISO,CAISO,Tehachapi_Wind,2026,72232.80623504778,0.0,1007.8528486059347,0.0,0.0
CAISO,CAISO,Tehachapi_Wind,2030,71893.235266679,0.0,1347.423816974695,0.0,0.0
CAISO,CAISO,Utah_Solar,2020,0.0,0.0,0.0,0.0,0.0
CAISO,CAISO,Utah_Solar,2022,0.0,0.0,0.0,0.0,0.0
CAISO,CAISO,Utah_Solar,2026,0.0,0.0,0.0,0.0,0.0
CAISO,CAISO,Utah_Solar,2030,0.0,0.0,0.0,0.0,0.0
CAISO,CAISO,Utah_Wind,2020,0.0,0.0,0.0,0.0,0.0
CAISO,CAISO,Utah_Wind,2022,0.0,0.0,0.0,0.0,0.0
CAISO,CAISO,Utah_Wind,2026,0.0,0.0,0.0,0.0,0.0
CAISO,CAISO,Utah_Wind,2030,0.0,0.0,0.0,0.0,0.0
CAISO,CAISO,Westlands_Ex_Solar,2020,0.0,0.0,0.0,0.0,0.0
CAISO,CAISO,Westlands_Ex_Solar,2022,4301841.647498803,0.0,493635.6449329041,0.0,0.0
CAISO,CAISO,Westlands_Ex_Solar,2026,4554993.425773561,0.0,240483.86665814611,0.0,0.0
CAISO,CAISO,Westlands_Ex_Solar,2030,4489873.050182802,0.0,305604.2422489063,0.0,0.0
CAISO,CAISO,Westlands_Ex_Wind,2020,0.0,0.0,0.0,0.0,0.0
CAISO,CAISO,Westlands_Ex_Wind,2022,0.0,0.0,0.0,0.0,0.0
CAISO,CAISO,Westlands_Ex_Wind,2026,0.0,0.0,0.0,0.0,0.0
CAISO,CAISO,Westlands_Ex_Wind,2030,0.0,0.0,0.0,0.0,0.0
CAISO,CAISO,Westlands_Solar,2020,0.0,0.0,0.0,0.0,0.0
CAISO,CAISO,Westlands_Solar,2022,0.0,0.0,0.0,0.0,0.0
CAISO,CAISO,Westlands_Solar,2026,0.0,0.0,0.0,0.0,0.0
CAISO,CAISO,Westlands_Solar,2030,867056.380489676,0.0,76629.73196286403,0.0,0.0
CAISO,CAISO,Wyoming_Wind,2020,0.0,0.0,0.0,0.0,0.0
CAISO,CAISO,Wyoming_Wind,2022,0.0,0.0,0.0,0.0,0.0
CAISO,CAISO,Wyoming_Wind,2026,0.0,0.0,0.0,0.0,0.0
CAISO,CAISO,Wyoming_Wind,2030,0.0,0.0,0.0,0.0,0.0
CAISO_NW_Hydro,CAISO_NW_Hydro,NW_Hydro_for_CAISO,2020,11900493.109414743,0.0,0.0,0.0,0.0
CAISO_NW_Hydro,CAISO_NW_Hydro,NW_Hydro_for_CAISO,2022,11900494.031205138,0.0,0.0,0.0,0.0
CAISO_NW_Hydro,CAISO_NW_Hydro,NW_Hydro_for_CAISO,2026,11900493.24731784,0.0,0.0,0.0,0.0
CAISO_NW_Hydro,CAISO_NW_Hydro,NW_Hydro_for_CAISO,2030,11900493.614398845,0.0,0.0,0.0,0.0
IID,CAISO,IID_Geothermal_for_CAISO,2020,581664.0000000016,0.0,0.0,0.0,0.0
IID,CAISO,IID_Geothermal_for_CAISO,2022,581664.0000000016,0.0,0.0,0.0,0.0
IID,CAISO,IID_Geothermal_for_CAISO,2026,581664.0000000016,0.0,0.0,0.0,0.0
IID,CAISO,IID_Geothermal_for_CAISO,2030,581664.0000000016,0.0,0.0,0.0,0.0
IID,CAISO,IID_Solar_for_CAISO,2020,147634.2748656447,0.0,0.0,0.0,0.0
IID,CAISO,IID_Solar_for_CAISO,2022,147634.2748656447,0.0,0.0,0.0,0.0
IID,CAISO,IID_Solar_for_CAISO,2026,147634.2748656447,0.0,0.0,0.0,0.0
IID,CAISO,IID_Solar_for_CAISO,2030,147634.2748656447,0.0,0.0,0.0,0.0
IID,IID,IID_Biomass_for_Other,2020,0.0,0.0,0.0,0.0,0.0
IID,IID,IID_Biomass_for_Other,2022,0.0,0.0,0.0,0.0,0.0
IID,IID,IID_Biomass_for_Other,2026,0.0,0.0,0.0,0.0,0.0
IID,IID,IID_Biomass_for_Other,2030,0.0,0.0,0.0,0.0,0.0
IID,IID,IID_CCGT,2020,477892.76562695095,0.0,0.0,0.0,0.0
IID,IID,IID_CCGT,2022,172584.6218397435,0.0,0.0,33.91571471764491,33.9157147176449
IID,IID,IID_CCGT,2026,449422.40912370384,0.0,0.0,90.72035821689275,90.720383565924
IID,IID,IID_CCGT,2030,408398.79257207585,0.0,0.0,81.7885090370513,81.7885090370513
IID,IID,IID_Geothermal_for_Other,2020,35040.00000000002,0.0,0.0,0.0,0.0
IID,IID,IID_Geothermal_for_Other,2022,35040.00000000002,0.0,0.0,0.0,0.0
IID,IID,IID_Geothermal_for_Other,2026,35040.00000000002,0.0,0.0,0.0,0.0
IID,IID,IID_Geothermal_for_Other,2030,35040.00000000002,0.0,0.0,0.0,0.0
IID,IID,IID_Hydro,2020,254747.52356346155,0.0,0.0,0.0,0.0
IID,IID,IID_Hydro,2022,254747.6617299995,0.0,0.0,0.0,0.0
IID,IID,IID_Hydro,2026,254747.66172999947,0.0,0.0,0.0,0.0
IID,IID,IID_Hydro,2030,254747.8521541425,0.0,0.0,0.0,0.0
IID,IID,IID_Peaker,2020,0.0,0.0,0.0,0.0,0.0
IID,IID,IID_Peaker,2022,0.0,0.0,0.0,0.0,0.0
IID,IID,IID_Peaker,2026,51647.98183028191,0.0,0.0,266.3231739459432,266.3231601292894
IID,IID,IID_Peaker,2030,39645.6263770316,0.0,0.0,211.50591980432662,211.50593362098041
IID,IID,IID_Small_Hydro_for_Other,2020,0.0,0.0,0.0,0.0,0.0
IID,IID,IID_Small_Hydro_for_Other,2022,0.0,0.0,0.0,0.0,0.0
IID,IID,IID_Small_Hydro_for_Other,2026,0.0,0.0,0.0,0.0,0.0
IID,IID,IID_Small_Hydro_for_Other,2030,0.0,0.0,0.0,0.0,0.0
IID,IID,IID_Solar_for_Other,2020,0.0,0.0,0.0,0.0,0.0
IID,IID,IID_Solar_for_Other,2022,0.0,0.0,0.0,0.0,0.0
IID,IID,IID_Solar_for_Other,2026,0.0,0.0,0.0,0.0,0.0
IID,IID,IID_Solar_for_Other,2030,0.0,0.0,0.0,0.0,0.0
IID,IID,IID_Wind_for_Other,2020,0.0,0.0,0.0,0.0,0.0
IID,IID,IID_Wind_for_Other,2022,0.0,0.0,0.0,0.0,0.0
IID,IID,IID_Wind_for_Other,2026,0.0,0.0,0.0,0.0,0.0
IID,IID,IID_Wind_for_Other,2030,0.0,0.0,0.0,0.0,0.0
LDWP,CAISO,LDWP_Wind_for_CAISO,2020,13199.194695043863,0.0,0.0,0.0,0.0
LDWP,CAISO,LDWP_Wind_for_CAISO,2022,13199.194695043863,0.0,0.0,0.0,0.0
LDWP,CAISO,LDWP_Wind_for_CAISO,2026,13199.194695043863,0.0,0.0,0.0,0.0
LDWP,CAISO,LDWP_Wind_for_CAISO,2030,13199.194695043863,0.0,0.0,0.0,0.0
LDWP,LDWP,LDWP_Biomass_for_Other,2020,0.0,0.0,0.0,0.0,0.0
LDWP,LDWP,LDWP_Biomass_for_Other,2022,0.0,0.0,0.0,0.0,0.0
LDWP,LDWP,LDWP_Biomass_for_Other,2026,0.0,0.0,0.0,0.0,0.0
LDWP,LDWP,LDWP_Biomass_for_Other,2030,0.0,0.0,0.0,0.0,0.0
LDWP,LDWP,LDWP_CCGT,2020,7323428.8864180185,0.0,0.0,0.0,0.0
LDWP,LDWP,LDWP_CCGT,2022,8007594.573721704,0.0,0.0,0.0,0.0
LDWP,LDWP,LDWP_CCGT,2026,8748382.432982551,0.0,0.0,0.0,0.0
LDWP,LDWP,LDWP_CCGT,2030,8162153.412136505,0.0,0.0,0.0,0.0
LDWP,LDWP,LDWP_Coal,2020,4865346.270675675,0.0,0.0,0.0,0.0
LDWP,LDWP,LDWP_Coal,2022,2009821.5991539985,0.0,0.0,0.0,0.0
LDWP,LDWP,LDWP_Coal,2026,0.0,0.0,0.0,0.0,0.0
LDWP,LDWP,LDWP_Coal,2030,0.0,0.0,0.0,0.0,0.0
LDWP,LDWP,LDWP_Geothermal_for_Other,2020,1289997.600000004,0.0,0.0,0.0,0.0
LDWP,LDWP,LDWP_Geothermal_for_Other,2022,1499974.8000000084,0.0,0.0,0.0,0.0
LDWP,LDWP,LDWP_Geothermal_for_Other,2026,2250006.000000001,0.0,0.0,0.0,0.0
LDWP,LDWP,LDWP_Geothermal_for_Other,2030,2300025.6000000085,0.0,0.0,0.0,0.0
LDWP,LDWP,LDWP_Hydro,2020,102925.0418110206,0.0,0.0,0.0,0.0
LDWP,LDWP,LDWP_Hydro,2022,102925.35970037483,0.0,0.0,0.0,0.0
LDWP,LDWP,LDWP_Hydro,2026,102925.0581240084,0.0,0.0,0.0,0.0
LDWP,LDWP,LDWP_Hydro,2030,102924.9407494563,0.0,0.0,0.0,0.0
LDWP,LDWP,LDWP_Nuclear,2020,3274182.952901987,0.0,0.0,0.0,0.0
LDWP,LDWP,LDWP_Nuclear,2022,3274182.952901987,0.0,0.0,0.0,0.0
LDWP,LDWP,LDWP_Nuclear,2026,3274182.952901987,0.0,0.0,0.0,0.0
LDWP,LDWP,LDWP_Nuclear,2030,3274182.952901987,0.0,0.0,0.0,0.0
LDWP,LDWP,LDWP_Peaker,2020,0.0,0.0,0.0,0.0,0.0
LDWP,LDWP,LDWP_Peaker,2022,0.0,0.0,0.0,0.0,0.0
LDWP,LDWP,LDWP_Peaker,2026,0.0,0.0,0.0,0.0,0.0
LDWP,LDWP,LDWP_Peaker,2030,0.0,0.0,0.0,0.0,0.0
LDWP,LDWP,LDWP_ST,2020,0.0,0.0,0.0,0.0,0.0
LDWP,LDWP,LDWP_ST,2022,0.0,0.0,0.0,0.0,0.0
LDWP,LDWP,LDWP_ST,2026,0.0,0.0,0.0,0.0,0.0
LDWP,LDWP,LDWP_ST,2030,0.0,0.0,0.0,0.0,0.0
LDWP,LDWP,LDWP_Small_Hydro_for_Other,2020,0.0,0.0,0.0,0.0,0.0
LDWP,LDWP,LDWP_Small_Hydro_for_Other,2022,0.0,0.0,0.0,0.0,0.0
LDWP,LDWP,LDWP_Small_Hydro_for_Other,2026,0.0,0.0,0.0,0.0,0.0
LDWP,LDWP,LDWP_Small_Hydro_for_Other,2030,0.0,0.0,0.0,0.0,0.0
LDWP,LDWP,LDWP_Solar_for_Other,2020,2761903.1398360613,0.0,0.0,0.0,0.0
LDWP,LDWP,LDWP_Solar_for_Other,2022,3163628.763766921,0.0,0.0,0.0,0.0
LDWP,LDWP,LDWP_Solar_for_Other,2026,3257155.7799979257,0.0,0.0,0.0,0.0
LDWP,LDWP,LDWP_Solar_for_Other,2030,3638242.1406533066,0.0,0.0,0.0,0.0
LDWP,LDWP,LDWP_Wind_for_Other,2020,0.0,0.0,0.0,0.0,0.0
LDWP,LDWP,LDWP_Wind_for_Other,2022,65625.20406480828,0.0,0.0,0.0,0.0
LDWP,LDWP,LDWP_Wind_for_Other,2026,650195.93331355,0.0,0.0,0.0,0.0
LDWP,LDWP,LDWP_Wind_for_Other,2030,1094592.3974253817,0.0,0.0,0.0,0.0
NW,CAISO,NW_Biomass_for_CAISO,2020,344618.40000000084,0.0,0.0,0.0,0.0
NW,CAISO,NW_Biomass_for_CAISO,2022,344618.40000000084,0.0,0.0,0.0,0.0
NW,CAISO,NW_Biomass_for_CAISO,2026,344618.40000000084,0.0,0.0,0.0,0.0
NW,CAISO,NW_Biomass_for_CAISO,2030,344618.40000000084,0.0,0.0,0.0,0.0
NW,CAISO,NW_Geothermal_for_CAISO,2020,0.0,0.0,0.0,0.0,0.0
NW,CAISO,NW_Geothermal_for_CAISO,2022,0.0,0.0,0.0,0.0,0.0
NW,CAISO,NW_Geothermal_for_CAISO,2026,0.0,0.0,0.0,0.0,0.0
NW,CAISO,NW_Geothermal_for_CAISO,2030,0.0,0.0,0.0,0.0,0.0
NW,CAISO,NW_Small_Hydro_for_CAISO,2020,30221.99999999998,0.0,0.0,0.0,0.0
NW,CAISO,NW_Small_Hydro_for_CAISO,2022,30221.99999999998,0.0,0.0,0.0,0.0
NW,CAISO,NW_Small_Hydro_for_CAISO,2026,30221.99999999998,0.0,0.0,0.0,0.0
NW,CAISO,NW_Small_Hydro_for_CAISO,2030,30221.99999999998,0.0,0.0,0.0,0.0
NW,CAISO,NW_Wind_for_CAISO,2020,3304311.9103793595,0.0,19254.683695341937,0.0,0.0
NW,CAISO,NW_Wind_for_CAISO,2022,2974543.085928989,0.0,349023.508145711,0.0,0.0
NW,CAISO,NW_Wind_for_CAISO,2026,3079759.1809872477,0.0,243807.41308745302,0.0,0.0
NW,CAISO,NW_Wind_for_CAISO,2030,2849492.022325336,0.0,474074.5717493635,0.0,0.0
NW,NW,NW_Biomass_for_Other,2020,5253459.600000013,0.0,0.0,0.0,0.0
NW,NW,NW_Biomass_for_Other,2022,5253459.600000013,0.0,0.0,0.0,0.0
NW,NW,NW_Biomass_for_Other,2026,4917688.800000027,0.0,0.0,0.0,0.0
NW,NW,NW_Biomass_for_Other,2030,4859785.200000037,0.0,0.0,0.0,0.0
NW,NW,NW_CCGT,2020,8560813.139014097,0.0,0.0,0.0,0.0
NW,NW,NW_CCGT,2022,14578429.097395333,0.0,0.0,0.0,0.0
NW,NW,NW_CCGT,2026,19553638.531567622,0.0,0.0,0.0,0.0
NW,NW,NW_CCGT,2030,24685878.868571956,0.0,0.0,0.0,0.0
NW,NW,NW_Coal,2020,72477807.32679722,0.0,0.0,0.0,0.0
NW,NW,NW_Coal,2022,59931381.47383442,0.0,0.0,0.0,0.0
NW,NW,NW_Coal,2026,56124221.29427094,0.0,0.0,0.0,0.0
NW,NW,NW_Coal,2030,49226082.18737217,0.0,0.0,0.0,0.0
NW,NW,NW_Geothermal_for_Other,2020,909726.0000000051,0.0,0.0,0.0,0.0
NW,NW,NW_Geothermal_for_Other,2022,909726.0000000051,0.0,0.0,0.0,0.0
NW,NW,NW_Geothermal_for_Other,2026,909726.0000000051,0.0,0.0,0.0,0.0
NW,NW,NW_Geothermal_for_Other,2030,909726.0000000051,0.0,0.0,0.0,0.0
NW,NW,NW_Hydro,2020,131358624.655344,0.0,0.0,0.0,0.0
NW,NW,NW_Hydro,2022,131358627.20657817,0.0,0.0,0.0,0.0
NW,NW,NW_Hydro,2026,131358626.41902815,0.0,0.0,0.0,0.0
NW,NW,NW_Hydro,2030,130595251.02385576,0.0,0.0,0.0,0.0
NW,NW,NW_Nuclear,2020,14105970.214251252,0.0,0.0,0.0,0.0
NW,NW,NW_Nuclear,2022,14105970.214251252,0.0,0.0,0.0,0.0
NW,NW,NW_Nuclear,2026,14105970.214251252,0.0,0.0,0.0,0.0
NW,NW,NW_Nuclear,2030,14105970.214251252,0.0,0.0,0.0,0.0
NW,NW,NW_Peaker,2020,0.0,0.0,0.0,0.0,0.0
NW,NW,NW_Peaker,2022,0.0,0.0,0.0,0.0,0.0
NW,NW,NW_Peaker,2026,0.0,0.0,0.0,0.0,0.0
NW,NW,NW_Peaker,2030,0.0,0.0,0.0,0.0,0.0
NW,NW,NW_Small_Hydro_for_Other,2020,0.0,0.0,0.0,0.0,0.0
NW,NW,NW_Small_Hydro_for_Other,2022,0.0,0.0,0.0,0.0,0.0
NW,NW,NW_Small_Hydro_for_Other,2026,0.0,0.0,0.0,0.0,0.0
NW,NW,NW_Small_Hydro_for_Other,2030,0.0,0.0,0.0,0.0,0.0
NW,NW,NW_Solar_for_Other,2020,1166775.1853341938,0.0,0.0,0.0,0.0
NW,NW,NW_Solar_for_Other,2022,1166775.1853341938,0.0,0.0,0.0,0.0
NW,NW,NW_Solar_for_Other,2026,1166335.3967618174,0.0,439.7885723762313,0.0,0.0
NW,NW,NW_Solar_for_Other,2030,1164610.342069457,0.0,198.20566189621798,0.0,0.0
NW,NW,NW_Wind_for_Other,2020,21895882.40740947,0.0,0.0,0.0,0.0
NW,NW,NW_Wind_for_Other,2022,21895882.40740947,0.0,0.0,0.0,0.0
NW,NW,NW_Wind_for_Other,2026,21881705.644012626,0.0,14176.763396843,0.0,0.0
NW,NW,NW_Wind_for_Other,2030,22793563.683390412,0.0,243553.1018689762,0.0,0.0
SW,CAISO,SW_Solar_for_CAISO,2020,184664.58140034712,0.0,0.0,0.0,0.0
SW,CAISO,SW_Solar_for_CAISO,2022,184664.58140034712,0.0,0.0,0.0,0.0
SW,CAISO,SW_Solar_for_CAISO,2026,184664.58140034712,0.0,0.0,0.0,0.0
SW,CAISO,SW_Solar_for_CAISO,2030,184664.58140034712,0.0,0.0,0.0,0.0
SW,CAISO,SW_Wind_for_CAISO,2020,212479.476342157,0.0,0.0,0.0,0.0
SW,CAISO,SW_Wind_for_CAISO,2022,212479.476342157,0.0,0.0,0.0,0.0
SW,CAISO,SW_Wind_for_CAISO,2026,212479.476342157,0.0,0.0,0.0,0.0
SW,CAISO,SW_Wind_for_CAISO,2030,212479.476342157,0.0,0.0,0.0,0.0
SW,SW,SW_Biomass_for_Other,2020,327623.9999999992,0.0,0.0,0.0,0.0
SW,SW,SW_Biomass_for_Other,2022,327623.9999999992,0.0,0.0,0.0,0.0
SW,SW,SW_Biomass_for_Other,2026,327623.9999999992,0.0,0.0,0.0,0.0
SW,SW,SW_Biomass_for_Other,2030,315622.79999999976,0.0,0.0,0.0,0.0
SW,SW,SW_CCGT,2020,74027955.04979189,0.0,0.0,0.0,0.0
SW,SW,SW_CCGT,2022,80439864.99011889,0.0,0.0,0.0,0.0
SW,SW,SW_CCGT,2026,77221678.85453054,0.0,0.0,0.0,0.0
SW,SW,SW_CCGT,2030,74894904.58478445,0.0,0.0,0.0,0.0
SW,SW,SW_Coal,2020,37263104.799972944,0.0,0.0,0.0,0.0
SW,SW,SW_Coal,2022,42597522.22983463,0.0,0.0,0.0,0.0
SW,SW,SW_Coal,2026,41091111.064339526,0.0,0.0,0.0,0.0
SW,SW,SW_Coal,2030,43837832.53975973,0.0,0.0,0.0,0.0
SW,SW,SW_Geothermal_for_Other,2020,3564531.5999999777,0.0,0.0,0.0,0.0
SW,SW,SW_Geothermal_for_Other,2022,3564531.5999999777,0.0,0.0,0.0,0.0
SW,SW,SW_Geothermal_for_Other,2026,3564531.5999999777,0.0,0.0,0.0,0.0
SW,SW,SW_Geothermal_for_Other,2030,3564531.5999999777,0.0,0.0,0.0,0.0
SW,SW,SW_Hydro,2020,5849756.844814375,0.0,0.0,0.0,0.0
SW,SW,SW_Hydro,2022,5849756.799874313,0.0,0.0,0.0,0.0
SW,SW,SW_Hydro,2026,5849756.64761221,0.0,0.0,0.0,0.0
SW,SW,SW_Hydro,2030,5527008.550219344,0.0,0.0,0.0,0.0
SW,SW,SW_Nuclear,2020,24117937.328747217,0.0,0.0,0.0,0.0
SW,SW,SW_Nuclear,2022,24117937.328747217,0.0,0.0,0.0,0.0
SW,SW,SW_Nuclear,2026,24117937.328747217,0.0,0.0,0.0,0.0
SW,SW,SW_Nuclear,2030,24117937.328747217,0.0,0.0,0.0,0.0
SW,SW,SW_Peaker,2020,0.0,0.0,0.0,0.0,0.0
SW,SW,SW_Peaker,2022,38044.356422215686,0.0,0.0,165.5328822409528,165.5328822409528
SW,SW,SW_Peaker,2026,0.0,0.0,0.0,0.0,0.0
SW,SW,SW_Peaker,2030,21716.941347049506,0.0,0.0,115.63385686031026,115.63385686031025
SW,SW,SW_ST,2020,0.0,0.0,0.0,0.0,0.0
SW,SW,SW_ST,2022,0.0,0.0,0.0,0.0,0.0
SW,SW,SW_ST,2026,0.0,0.0,0.0,0.0,0.0
SW,SW,SW_ST,2030,0.0,0.0,0.0,0.0,0.0
SW,SW,SW_Small_Hydro_for_Other,2020,0.0,0.0,0.0,0.0,0.0
SW,SW,SW_Small_Hydro_for_Other,2022,0.0,0.0,0.0,0.0,0.0
SW,SW,SW_Small_Hydro_for_Other,2026,0.0,0.0,0.0,0.0,0.0
SW,SW,SW_Small_Hydro_for_Other,2030,0.0,0.0,0.0,0.0,0.0
SW,SW,SW_Solar_for_Other,2020,4698924.144453496,0.0,0.0,0.0,0.0
SW,SW,SW_Solar_for_Other,2022,4698924.144453496,0.0,0.0,0.0,0.0
SW,SW,SW_Solar_for_Other,2026,4679361.387938368,0.0,0.0,0.0,0.0
SW,SW,SW_Solar_for_Other,2030,6932342.882620058,0.0,0.0,0.0,0.0
SW,SW,SW_Wind_for_Other,2020,8190567.970643785,0.0,0.0,0.0,0.0
SW,SW,SW_Wind_for_Other,2022,8190567.970643785,0.0,0.0,0.0,0.0
SW,SW,SW_Wind_for_Other,2026,8190567.970643785,0.0,0.0,0.0,0.0
SW,SW,SW_Wind_for_Other,2030,6689716.404711151,0.0,0.0,0.0,0.0
