zone,contract,resource,period,net_energy_mwh_per_year,net_subhourly_energy_mwh_per_year,scheduled_curtailment_mwh_per_year,units_started_per_year,units_shut_down_per_year
BANC,BANC,BANC_Biomass_for_Other,2020,0.0,0.0,0.0,0.0,0.0
BANC,BANC,BANC_Biomass_for_Other,2022,0.0,0.0,0.0,0.0,0.0
BANC,BANC,BANC_Biomass_for_Other,2026,0.0,0.0,0.0,0.0,0.0
BANC,BANC,BANC_Biomass_for_Other,2030,0.0,0.0,0.0,0.0,0.0
BANC,BANC,BANC_CCGT,2020,4054024.285140559,0.0,0.0,0.0,0.0
BANC,BANC,BANC_CCGT,2022,4850204.192111041,0.0,0.0,0.0,0.0
BANC,BANC,BANC_CCGT,2026,4228580.09397248,0.0,0.0,0.0,0.0
BANC,BANC,BANC_CCGT,2030,3936419.1965479325,0.0,0.0,0.0,0.0
BANC,BANC,BANC_Geothermal_for_Other,2020,0.0,0.0,0.0,0.0,0.0
BANC,BANC,BANC_Geothermal_for_Other,2022,0.0,0.0,0.0,0.0,0.0
BANC,BANC,BANC_Geothermal_for_Other,2026,0.0,0.0,0.0,0.0,0.0
BANC,BANC,BANC_Geothermal_for_Other,2030,0.0,0.0,0.0,0.0,0.0
BANC,BANC,BANC_Hydro,2020,7022470.809270098,0.0,0.0,0.0,0.0
BANC,BANC,BANC_Hydro,2022,7022470.256233915,0.0,0.0,0.0,0.0
BANC,BANC,BANC_Hydro,2026,7022468.298586581,0.0,0.0,0.0,0.0
BANC,BANC,BANC_Hydro,2030,7022468.983150522,0.0,0.0,0.0,0.0
BANC,BANC,BANC_Peaker,2020,0.0,0.0,0.0,0.0,0.0
BANC,BANC,BANC_Peaker,2022,0.0,0.0,0.0,0.0,0.0
BANC,BANC,BANC_Peaker,2026,0.0,0.0,0.0,0.0,0.0
BANC,BANC,BANC_Peaker,2030,0.0,0.0,0.0,0.0,0.0
BANC,BANC,BANC_Small_Hydro_for_Other,2020,0.0,0.0,0.0,0.0,0.0
BANC,BANC,BANC_Small_Hydro_for_Other,2022,0.0,0.0,0.0,0.0,0.0
BANC,BANC,BANC_Small_Hydro_for_Other,2026,0.0,0.0,0.0,0.0,0.0
BANC,BANC,BANC_Small_Hydro_for_Other,2030,0.0,0.0,0.0,0.0,0.0
BANC,BANC,BANC_Solar_for_Other,2020,4938365.312429833,0.0,0.0,0.0,0.0
BANC,BANC,BANC_Solar_for_Other,2022,5872697.217031317,0.0,0.0,0.0,0.0
BANC,BANC,BANC_Solar_for_Other,2026,7642405.49209316,0.0,0.0,0.0,0.0
BANC,BANC,BANC_Solar_for_Other,2030,9283096.580373224,0.0,0.0,0.0,0.0
BANC,BANC,BANC_Wind_for_Other,2020,0.0,0.0,0.0,0.0,0.0
BANC,BANC,BANC_Wind_for_Other,2022,0.0,0.0,0.0,0.0,0.0
BANC,BANC,BANC_Wind_for_Other,2026,0.0,0.0,0.0,0.0,0.0
BANC,BANC,BANC_Wind_for_Other,2030,0.0,0.0,0.0,0.0,0.0
BANC,CAISO,BANC_Small_Hydro_for_CAISO,2020,0.0,0.0,0.0,0.0,0.0
BANC,CAISO,BANC_Small_Hydro_for_CAISO,2022,0.0,0.0,0.0,0.0,0.0
BANC,CAISO,BANC_Small_Hydro_for_CAISO,2026,0.0,0.0,0.0,0.0,0.0
BANC,CAISO,BANC_Small_Hydro_for_CAISO,2030,0.0,0.0,0.0,0.0,0.0
CAISO,CAISO,Arizona_Solar,2020,0.0,0.0,0.0,0.0,0.0
CAISO,CAISO,Arizona_Solar,2022,0.0,0.0,0.0,0.0,0.0
CAISO,CAISO,Arizona_Solar,2026,0.0,0.0,0.0,0.0,0.0
CAISO,CAISO,Arizona_Solar,2030,0.0,0.0,0.0,0.0,0.0
CAISO,CAISO,Arizona_Wind,2020,0.0,0.0,0.0,0.0,0.0
CAISO,CAISO,Arizona_Wind,2022,0.0,0.0,0.0,0.0,0.0
CAISO,CAISO,Arizona_Wind,2026,0.0,0.0,0.0,0.0,0.0
CAISO,CAISO,Arizona_Wind,2030,0.0,0.0,0.0,0.0,0.0
CAISO,CAISO,Baja_California_Solar,2020,0.0,0.0,0.0,0.0,0.0
CAISO,CAISO,Baja_California_Solar,2022,0.0,0.0,0.0,0.0,0.0
CAISO,CAISO,Baja_California_Solar,2026,0.0,0.0,0.0,0.0,0.0
CAISO,CAISO,Baja_California_Solar,2030,0.0,0.0,0.0,0.0,0.0
CAISO,CAISO,Baja_California_Wind,2020,0.0,0.0,0.0,0.0,0.0
CAISO,CAISO,Baja_California_Wind,2022,0.0,0.0,0.0,0.0,0.0
CAISO,CAISO,Baja_California_Wind,2026,0.0,0.0,0.0,0.0,0.0
CAISO,CAISO,Baja_California_Wind,2030,0.0,0.0,0.0,0.0,0.0
CAISO,CAISO,CAISO_Advanced_CCGT,2020,0.0,0.0,0.0,0.0,0.0
CAISO,CAISO,CAISO_Advanced_CCGT,2022,0.0,0.0,0.0,0.0,0.0
CAISO,CAISO,CAISO_Advanced_CCGT,2026,0.0,0.0,0.0,0.0,0.0
CAISO,CAISO,CAISO_Advanced_CCGT,2030,0.0,0.0,0.0,0.0,0.0
CAISO,CAISO,CAISO_Aero_CT,2020,0.0,0.0,0.0,0.0,0.0
CAISO,CAISO,CAISO_Aero_CT,2022,0.0,0.0,0.0,0.0,0.0
CAISO,CAISO,CAISO_Aero_CT,2026,0.0,0.0,0.0,0.0,0.0
CAISO,CAISO,CAISO_Aero_CT,2030,0.0,0.0,0.0,0.0,0.0
CAISO,CAISO,CAISO_BTM_Li_Battery,2020,-106446.41011282343,0.0,0.0,0.0,0.0
CAISO,CAISO,CAISO_BTM_Li_Battery,2022,-139835.9054738021,0.0,0.0,0.0,0.0
CAISO,CAISO,CAISO_BTM_Li_Battery,2026,-208499.72410650307,0.0,0.0,0.0,0.0
CAISO,CAISO,CAISO_BTM_Li_Battery,2030,-311359.7563477856,0.0,0.0,0.0,0.0
CAISO,CAISO,CAISO_Biomass_for_CAISO,2020,6675558.000000036,0.0,0.0,0.0,0.0
CAISO,CAISO,CAISO_Biomass_for_CAISO,2022,6675558.000000036,0.0,0.0,0.0,0.0
CAISO,CAISO,CAISO_Biomass_for_CAISO,2026,6675558.000000036,0.0,0.0,0.0,0.0
CAISO,CAISO,CAISO_Biomass_for_CAISO,2030,6661279.200000033,0.0,0.0,0.0,0.0
CAISO,CAISO,CAISO_Biomass_for_Other,2020,102491.99999999926,0.0,0.0,0.0,0.0
CAISO,CAISO,CAISO_Biomass_for_Other,2022,102491.99999999926,0.0,0.0,0.0,0.0
CAISO,CAISO,CAISO_Biomass_for_Other,2026,102491.99999999926,0.0,0.0,0.0,0.0
CAISO,CAISO,CAISO_Biomass_for_Other,2030,102491.99999999926,0.0,0.0,0.0,0.0
CAISO,CAISO,CAISO_CCGT1,2020,56947633.27594076,-97107.86328230657,0.0,0.0,0.0
CAISO,CAISO,CAISO_CCGT1,2022,58222438.852374785,334929.5930110048,0.0,0.0,0.0
CAISO,CAISO,CAISO_CCGT1,2026,50187762.16258073,70026.55504712538,0.0,83.05195516958082,83.05195192098932
CAISO,CAISO,CAISO_CCGT1,2030,38516359.21466586,24011.354132187833,0.0,2002.58674813904,2002.586722482525
CAISO,CAISO,CAISO_CCGT2,2020,228805.99743353116,1326.95143002944,0.0,16.381024733891127,16.381024733891127
CAISO,CAISO,CAISO_CCGT2,2022,0.0,0.0,0.0,0.0,0.0
CAISO,CAISO,CAISO_CCGT2,2026,0.0,0.0,0.0,0.0,0.0
CAISO,CAISO,CAISO_CCGT2,2030,0.0,0.0,0.0,0.0,0.0
CAISO,CAISO,CAISO_CHP,2020,10881055.305580143,0.0,0.0,0.0,0.0
CAISO,CAISO,CAISO_CHP,2022,10881055.305580143,0.0,0.0,0.0,0.0
CAISO,CAISO,CAISO_CHP,2026,10881055.305580143,0.0,0.0,0.0,0.0
CAISO,CAISO,CAISO_CHP,2030,10881055.305580143,0.0,0.0,0.0,0.0
CAISO,CAISO,CAISO_Coal,2020,1854958.5714144362,0.0,0.0,0.0,0.0
CAISO,CAISO,CAISO_Coal,2022,821103.4348941438,0.0,0.0,0.0,0.0
CAISO,CAISO,CAISO_Coal,2026,0.0,0.0,0.0,0.0,0.0
CAISO,CAISO,CAISO_Coal,2030,0.0,0.0,0.0,0.0,0.0
CAISO,CAISO,CAISO_Existing_Pumped_Storage,2020,-77511.45275575778,-133524.8847612862,0.0,0.0,0.0
CAISO,CAISO,CAISO_Existing_Pumped_Storage,2022,-224052.34607798918,-6659.652701269668,0.0,0.0,0.0
CAISO,CAISO,CAISO_Existing_Pumped_Storage,2026,-605427.1143297288,-54448.5621066749,0.0,0.0,0.0
CAISO,CAISO,CAISO_Existing_Pumped_Storage,2030,-1296228.6280823082,270790.9035488905,0.0,0.0,0.0
CAISO,CAISO,CAISO_Geothermal_for_CAISO,2020,12702963.600000072,0.0,0.0,0.0,0.0
CAISO,CAISO,CAISO_Geothermal_for_CAISO,2022,12702963.600000072,0.0,0.0,0.0,0.0
CAISO,CAISO,CAISO_Geothermal_for_CAISO,2026,12702963.600000072,0.0,0.0,0.0,0.0
CAISO,CAISO,CAISO_Geothermal_for_CAISO,2030,12702963.600000072,0.0,0.0,0.0,0.0
CAISO,CAISO,CAISO_Geothermal_for_Other,2020,338749.19999999605,0.0,0.0,0.0,0.0
CAISO,CAISO,CAISO_Geothermal_for_Other,2022,338749.19999999605,0.0,0.0,0.0,0.0
CAISO,CAISO,CAISO_Geothermal_for_Other,2026,338749.19999999605,0.0,0.0,0.0,0.0
CAISO,CAISO,CAISO_Geothermal_for_Other,2030,338749.19999999605,0.0,0.0,0.0,0.0
CAISO,CAISO,CAISO_Hydro,2020,18376690.284948982,293097.1161292553,0.0,0.0,0.0
CAISO,CAISO,CAISO_Hydro,2022,18302897.942988127,366889.5468874109,0.0,0.0,0.0
CAISO,CAISO,CAISO_Hydro,2026,18586867.20924953,82917.91861344656,0.0,0.0,0.0
CAISO,CAISO,CAISO_Hydro,2030,18696039.208264373,-27807.627676839482,0.0,0.0,0.0
CAISO,CAISO,CAISO_New_Flow_Battery,2020,0.0,0.0,0.0,0.0,0.0
CAISO,CAISO,CAISO_New_Flow_Battery,2022,0.0,0.0,0.0,0.0,0.0
CAISO,CAISO,CAISO_New_Flow_Battery,2026,0.0,0.0,0.0,0.0,0.0
CAISO,CAISO,CAISO_New_Flow_Battery,2030,0.0,0.0,0.0,0.0,0.0
CAISO,CAISO,CAISO_New_Flow_Battery_2,2020,0.0,0.0,0.0,0.0,0.0
CAISO,CAISO,CAISO_New_Flow_Battery_2,2022,0.0,0.0,0.0,0.0,0.0
CAISO,CAISO,CAISO_New_Flow_Battery_2,2026,0.0,0.0,0.0,0.0,0.0
CAISO,CAISO,CAISO_New_Flow_Battery_2,2030,0.0,0.0,0.0,0.0,0.0
CAISO,CAISO,CAISO_New_Flow_Battery_3,2020,0.0,0.0,0.0,0.0,0.0
CAISO,CAISO,CAISO_New_Flow_Battery_3,2022,0.0,0.0,0.0,0.0,0.0
CAISO,CAISO,CAISO_New_Flow_Battery_3,2026,0.0,0.0,0.0,0.0,0.0
CAISO,CAISO,CAISO_New_Flow_Battery_3,2030,0.0,0.0,0.0,0.0,0.0
CAISO,CAISO,CAISO_New_Flow_Battery_4,2020,0.0,0.0,0.0,0.0,0.0
CAISO,CAISO,CAISO_New_Flow_Battery_4,2022,0.0,0.0,0.0,0.0,0.0
CAISO,CAISO,CAISO_New_Flow_Battery_4,2026,0.0,0.0,0.0,0.0,0.0
CAISO,CAISO,CAISO_New_Flow_Battery_4,2030,0.0,0.0,0.0,0.0,0.0
CAISO,CAISO,CAISO_New_Flow_Battery_5,2020,0.0,0.0,0.0,0.0,0.0
CAISO,CAISO,CAISO_New_Flow_Battery_5,2022,0.0,0.0,0.0,0.0,0.0
CAISO,CAISO,CAISO_New_Flow_Battery_5,2026,0.0,0.0,0.0,0.0,0.0
CAISO,CAISO,CAISO_New_Flow_Battery_5,2030,0.0,0.0,0.0,0.0,0.0
CAISO,CAISO,CAISO_New_Li_Battery,2020,-42630.42957220603,-124981.30530181548,0.0,0.0,0.0
CAISO,CAISO,CAISO_New_Li_Battery,2022,-36131.09748011705,-673062.2242655071,0.0,0.0,0.0
CAISO,CAISO,CAISO_New_Li_Battery,2026,-2050083.6226886453,277308.9272522037,0.0,0.0,0.0
CAISO,CAISO,CAISO_New_Li_Battery,2030,-3496513.9214483947,893391.9514539988,0.0,0.0,0.0
CAISO,CAISO,CAISO_New_Li_Battery_2,2020,0.0,0.0,0.0,0.0,0.0
CAISO,CAISO,CAISO_New_Li_Battery_2,2022,0.0,0.0,0.0,0.0,0.0
CAISO,CAISO,CAISO_New_Li_Battery_2,2026,0.0,0.0,0.0,0.0,0.0
CAISO,CAISO,CAISO_New_Li_Battery_2,2030,-412694.2570896433,-52782.62282282429,0.0,0.0,0.0
CAISO,CAISO,CAISO_New_Li_Battery_3,2020,0.0,0.0,0.0,0.0,0.0
CAISO,CAISO,CAISO_New_Li_Battery_3,2022,0.0,0.0,0.0,0.0,0.0
CAISO,CAISO,CAISO_New_Li_Battery_3,2026,0.0,0.0,0.0,0.0,0.0
CAISO,CAISO,CAISO_New_Li_Battery_3,2030,0.0,0.0,0.0,0.0,0.0
CAISO,CAISO,CAISO_New_Li_Battery_4,2020,0.0,0.0,0.0,0.0,0.0
CAISO,CAISO,CAISO_New_Li_Battery_4,2022,0.0,0.0,0.0,0.0,0.0
CAISO,CAISO,CAISO_New_Li_Battery_4,2026,0.0,0.0,0.0,0.0,0.0
CAISO,CAISO,CAISO_New_Li_Battery_4,2030,0.0,0.0,0.0,0.0,0.0
CAISO,CAISO,CAISO_New_Li_Battery_5,2020,0.0,0.0,0.0,0.0,0.0
CAISO,CAISO,CAISO_New_Li_Battery_5,2022,0.0,0.0,0.0,0.0,0.0
CAISO,CAISO,CAISO_New_Li_Battery_5,2026,0.0,0.0,0.0,0.0,0.0
CAISO,CAISO,CAISO_New_Li_Battery_5,2030,0.0,0.0,0.0,0.0,0.0
CAISO,CAISO,CAISO_New_Li_Battery_6,2020,0.0,0.0,0.0,0.0,0.0
CAISO,CAISO,CAISO_New_Li_Battery_6,2022,0.0,0.0,0.0,0.0,0.0
CAISO,CAISO,CAISO_New_Li_Battery_6,2026,0.0,0.0,0.0,0.0,0.0
CAISO,CAISO,CAISO_New_Li_Battery_6,2030,0.0,0.0,0.0,0.0,0.0
CAISO,CAISO,CAISO_New_Pumped_Storage,2020,0.0,0.0,0.0,0.0,0.0
CAISO,CAISO,CAISO_New_Pumped_Storage,2022,0.0,0.0,0.0,0.0,0.0
CAISO,CAISO,CAISO_New_Pumped_Storage,2026,0.0,0.0,0.0,0.0,0.0
CAISO,CAISO,CAISO_New_Pumped_Storage,2030,0.0,0.0,0.0,0.0,0.0
CAISO,CAISO,CAISO_Nuclear,2020,23611122.76847004,0.0,0.0,0.0,0.0
CAISO,CAISO,CAISO_Nuclear,2022,23611122.76847004,0.0,0.0,0.0,0.0
CAISO,CAISO,CAISO_Nuclear,2026,5108368.98057186,0.0,0.0,0.0,0.0
CAISO,CAISO,CAISO_Nuclear,2030,5108368.98057186,0.0,0.0,0.0,0.0
CAISO,CAISO,CAISO_Peaker1,2020,1182005.9623630166,132853.24742257825,0.0,11230.000495994003,11230.000474779727
CAISO,CAISO,CAISO_Peaker1,2022,399269.4655204846,45163.17206941129,0.0,5123.354201643882,5123.354229277189
CAISO,CAISO,CAISO_Peaker1,2026,507427.7745418342,49571.14792788768,0.0,6408.772200744513,6408.772200744511
CAISO,CAISO,CAISO_Peaker1,2030,114643.03325799711,18624.819430408108,0.0,1705.8716344064,1705.8716344064
CAISO,CAISO,CAISO_Peaker2,2020,0.0,0.0,0.0,0.0,0.0
CAISO,CAISO,CAISO_Peaker2,2022,0.0,0.0,0.0,0.0,0.0
CAISO,CAISO,CAISO_Peaker2,2026,0.0,0.0,0.0,0.0,0.0
CAISO,CAISO,CAISO_Peaker2,2030,0.0,0.0,0.0,0.0,0.0
CAISO,CAISO,CAISO_Reciprocating_Engine,2020,70202.24248611782,70522.09290413623,0.0,9017.81496186617,9017.814958845023
CAISO,CAISO,CAISO_Reciprocating_Engine,2022,33975.9788766584,31534.222165950338,0.0,6795.9926197858495,6795.992633616656
CAISO,CAISO,CAISO_Reciprocating_Engine,2026,37449.24819628423,32075.229543735073,0.0,6537.371733473986,6537.371749446432
CAISO,CAISO,CAISO_Reciprocating_Engine,2030,33687.2384082845,15315.45741766131,0.0,5087.209691145754,5087.209691145754
CAISO,CAISO,CAISO_ST,2020,0.0,0.0,0.0,0.0,0.0
CAISO,CAISO,CAISO_ST,2022,0.0,0.0,0.0,0.0,0.0
CAISO,CAISO,CAISO_ST,2026,0.0,0.0,0.0,0.0,0.0
CAISO,CAISO,CAISO_ST,2030,0.0,0.0,0.0,0.0,0.0
CAISO,CAISO,CAISO_Shed_DR_Existing,2020,0.0,0.0,0.0,0.0,0.0
CAISO,CAISO,CAISO_Shed_DR_Existing,2022,0.0,0.0,0.0,0.0,0.0
CAISO,CAISO,CAISO_Shed_DR_Existing,2026,0.0,0.0,0.0,0.0,0.0
CAISO,CAISO,CAISO_Shed_DR_Existing,2030,0.0,0.0,0.0,0.0,0.0
CAISO,CAISO,CAISO_Shed_DR_Tranche1,2020,0.0,0.0,0.0,0.0,0.0
CAISO,CAISO,CAISO_Shed_DR_Tranche1,2022,0.0,0.0,0.0,0.0,0.0
CAISO,CAISO,CAISO_Shed_DR_Tranche1,2026,0.0,0.0,0.0,0.0,0.0
CAISO,CAISO,CAISO_Shed_DR_Tranche1,2030,0.0,0.0,0.0,0.0,0.0
CAISO,CAISO,CAISO_Shed_DR_Tranche2,2020,0.0,0.0,0.0,0.0,0.0
CAISO,CAISO,CAISO_Shed_DR_Tranche2,2022,0.0,0.0,0.0,0.0,0.0
CAISO,CAISO,CAISO_Shed_DR_Tranche2,2026,0.0,0.0,0.0,0.0,0.0
CAISO,CAISO,CAISO_Shed_DR_Tranche2,2030,0.0,0.0,0.0,0.0,0.0
CAISO,CAISO,CAISO_Shed_DR_Tranche3,2020,0.0,0.0,0.0,0.0,0.0
CAISO,CAISO,CAISO_Shed_DR_Tranche3,2022,0.0,0.0,0.0,0.0,0.0
CAISO,CAISO,CAISO_Shed_DR_Tranche3,2026,0.0,0.0,0.0,0.0,0.0
CAISO,CAISO,CAISO_Shed_DR_Tranche3,2030,0.0,0.0,0.0,0.0,0.0
CAISO,CAISO,CAISO_Shed_DR_Tranche4,2020,0.0,0.0,0.0,0.0,0.0
CAISO,CAISO,CAISO_Shed_DR_Tranche4,2022,0.0,0.0,0.0,0.0,0.0
CAISO,CAISO,CAISO_Shed_DR_Tranche4,2026,0.0,0.0,0.0,0.0,0.0
CAISO,CAISO,CAISO_Shed_DR_Tranche4,2030,0.0,0.0,0.0,0.0,0.0
CAISO,CAISO,CAISO_Shed_DR_Tranche5,2020,0.0,0.0,0.0,0.0,0.0
CAISO,CAISO,CAISO_Shed_DR_Tranche5,2022,0.0,0.0,0.0,0.0,0.0
CAISO,CAISO,CAISO_Shed_DR_Tranche5,2026,0.0,0.0,0.0,0.0,0.0
CAISO,CAISO,CAISO_Shed_DR_Tranche5,2030,0.0,0.0,0.0,0.0,0.0
CAISO,CAISO,CAISO_Shed_DR_Tranche6,2020,0.0,0.0,0.0,0.0,0.0
CAISO,CAISO,CAISO_Shed_DR_Tranche6,2022,0.0,0.0,0.0,0.0,0.0
CAISO,CAISO,CAISO_Shed_DR_Tranche6,2026,0.0,0.0,0.0,0.0,0.0
CAISO,CAISO,CAISO_Shed_DR_Tranche6,2030,0.0,0.0,0.0,0.0,0.0
CAISO,CAISO,CAISO_Shed_DR_Tranche7,2020,0.0,0.0,0.0,0.0,0.0
CAISO,CAISO,CAISO_Shed_DR_Tranche7,2022,0.0,0.0,0.0,0.0,0.0
CAISO,CAISO,CAISO_Shed_DR_Tranche7,2026,0.0,0.0,0.0,0.0,0.0
CAISO,CAISO,CAISO_Shed_DR_Tranche7,2030,0.0,0.0,0.0,0.0,0.0
CAISO,CAISO,CAISO_Shed_DR_Tranche8,2020,0.0,0.0,0.0,0.0,0.0
CAISO,CAISO,CAISO_Shed_DR_Tranche8,2022,0.0,0.0,0.0,0.0,0.0
CAISO,CAISO,CAISO_Shed_DR_Tranche8,2026,0.0,0.0,0.0,0.0,0.0
CAISO,CAISO,CAISO_Shed_DR_Tranche8,2030,0.0,0.0,0.0,0.0,0.0
CAISO,CAISO,CAISO_Small_Hydro_for_CAISO,2020,4205763.599999985,0.0,0.0,0.0,0.0
CAISO,CAISO,CAISO_Small_Hydro_for_CAISO,2022,4205763.599999985,0.0,0.0,0.0,0.0
CAISO,CAISO,CAISO_Small_Hydro_for_CAISO,2026,4205763.599999985,0.0,0.0,0.0,0.0
CAISO,CAISO,CAISO_Small_Hydro_for_CAISO,2030,4205763.599999985,0.0,0.0,0.0,0.0
CAISO,CAISO,CAISO_Small_Hydro_for_Other,2020,120887.99999999993,0.0,0.0,0.0,0.0
CAISO,CAISO,CAISO_Small_Hydro_for_Other,2022,120887.99999999993,0.0,0.0,0.0,0.0
CAISO,CAISO,CAISO_Small_Hydro_for_Other,2026,120887.99999999993,0.0,0.0,0.0,0.0
CAISO,CAISO,CAISO_Small_Hydro_for_Other,2030,120887.99999999993,0.0,0.0,0.0,0.0
CAISO,CAISO,CAISO_Solar_for_CAISO,2020,34951131.26650986,0.0,115987.81457644909,0.0,0.0
CAISO,CAISO,CAISO_Solar_for_CAISO,2022,36471258.37742862,0.0,67662.79367535617,0.0,0.0
CAISO,CAISO,CAISO_Solar_for_CAISO,2026,36172166.42553967,0.0,366754.7060143566,0.0,0.0
CAISO,CAISO,CAISO_Solar_for_CAISO,2030,36064773.77504705,0.0,474147.22158402967,0.0,0.0
CAISO,CAISO,CAISO_Solar_for_Other,2020,28754.10714008161,0.0,363.0548607468582,0.0,0.0
CAISO,CAISO,CAISO_Solar_for_Other,2022,29047.89779077187,0.0,69.26421005659898,0.0,0.0
CAISO,CAISO,CAISO_Solar_for_Other,2026,28943.940317656696,0.0,173.221683171775,0.0,0.0
CAISO,CAISO,CAISO_Solar_for_Other,2030,26604.255649291423,0.0,2512.906351537042,0.0,0.0
CAISO,CAISO,CAISO_Wind_for_CAISO,2020,17539059.9955935,0.0,117057.0110182358,0.0,0.0
CAISO,CAISO,CAISO_Wind_for_CAISO,2022,17812154.266583607,0.0,92835.92084654998,0.0,0.0
CAISO,CAISO,CAISO_Wind_for_CAISO,2026,17691043.345268317,0.0,213946.991757681,0.0,0.0
CAISO,CAISO,CAISO_Wind_for_CAISO,2030,17614504.714181956,0.0,290485.4235448779,0.0,0.0
CAISO,CAISO,CAISO_Wind_for_Other,2020,691980.397098052,0.0,5606.72377439422,0.0,0.0
CAISO,CAISO,CAISO_Wind_for_Other,2022,696356.2999702231,0.0,1230.820902223057,0.0,0.0
CAISO,CAISO,CAISO_Wind_for_Other,2026,694729.3000397255,0.0,2857.8208327208345,0.0,0.0
CAISO,CAISO,CAISO_Wind_for_Other,2030,665884.1584349851,0.0,31702.962437461316,0.0,0.0
CAISO,CAISO,Cape_Mendocino_Offshore_Wind,2020,0.0,0.0,0.0,0.0,0.0
CAISO,CAISO,Cape_Mendocino_Offshore_Wind,2022,0.0,0.0,0.0,0.0,0.0
CAISO,CAISO,Cape_Mendocino_Offshore_Wind,2026,0.0,0.0,0.0,0.0,0.0
CAISO,CAISO,Cape_Mendocino_Offshore_Wind,2030,0.0,0.0,0.0,0.0,0.0
CAISO,CAISO,Carrizo_Solar,2020,0.0,0.0,0.0,0.0,0.0
CAISO,CAISO,Carrizo_Solar,2022,0.0,0.0,0.0,0.0,0.0
CAISO,CAISO,Carrizo_Solar,2026,0.0,0.0,0.0,0.0,0.0
CAISO,CAISO,Carrizo_Solar,2030,0.0,0.0,0.0,0.0,0.0
CAISO,CAISO,Carrizo_Wind,2020,0.0,0.0,0.0,0.0,0.0
CAISO,CAISO,Carrizo_Wind,2022,0.0,0.0,0.0,0.0,0.0
CAISO,CAISO,Carrizo_Wind,2026,0.0,0.0,0.0,0.0,0.0
CAISO,CAISO,Carrizo_Wind,2030,0.0,0.0,0.0,0.0,0.0
CAISO,CAISO,Central_Valley_North_Los_Banos_Solar,2020,0.0,0.0,0.0,0.0,0.0
CAISO,CAISO,Central_Valley_North_Los_Banos_Solar,2022,0.0,0.0,0.0,0.0,0.0
CAISO,CAISO,Central_Valley_North_Los_Banos_Solar,2026,0.0,0.0,0.0,0.0,0.0
CAISO,CAISO,Central_Valley_North_Los_Banos_Solar,2030,0.0,0.0,0.0,0.0,0.0
CAISO,CAISO,Central_Valley_North_Los_Banos_Wind,2020,0.0,0.0,0.0,0.0,0.0
CAISO,CAISO,Central_Valley_North_Los_Banos_Wind,2022,0.0,0.0,0.0,0.0,0.0
CAISO,CAISO,Central_Valley_North_Los_Banos_Wind,2026,0.0,0.0,0.0,0.0,0.0
CAISO,CAISO,Central_Valley_North_Los_Banos_Wind,2030,0.0,0.0,0.0,0.0,0.0
CAISO,CAISO,Customer_PV,2020,18632793.842470102,0.0,0.0,0.0,0.0
CAISO,CAISO,Customer_PV,2022,23291226.1918022,0.0,0.0,0.0,0.0
CAISO,CAISO,Customer_PV,2026,30631194.167181794,0.0,0.0,0.0,0.0
CAISO,CAISO,Customer_PV,2030,38045617.67642591,0.0,0.0,0.0,0.0
CAISO,CAISO,Del_Norte_Offshore_Wind,2020,0.0,0.0,0.0,0.0,0.0
CAISO,CAISO,Del_Norte_Offshore_Wind,2022,0.0,0.0,0.0,0.0,0.0
CAISO,CAISO,Del_Norte_Offshore_Wind,2026,0.0,0.0,0.0,0.0,0.0
CAISO,CAISO,Del_Norte_Offshore_Wind,2030,0.0,0.0,0.0,0.0,0.0
CAISO,CAISO,Diablo_Canyon_Offshore_Wind,2020,0.0,0.0,0.0,0.0,0.0
CAISO,CAISO,Diablo_Canyon_Offshore_Wind,2022,0.0,0.0,0.0,0.0,0.0
CAISO,CAISO,Diablo_Canyon_Offshore_Wind,2026,0.0,0.0,0.0,0.0,0.0
CAISO,CAISO,Diablo_Canyon_Offshore_Wind,2030,0.0,0.0,0.0,0.0,0.0
CAISO,CAISO,Distributed_Solar,2020,0.0,0.0,0.0,0.0,0.0
CAISO,CAISO,Distributed_Solar,2022,0.0,0.0,0.0,0.0,0.0
CAISO,CAISO,Distributed_Solar,2026,0.0,0.0,0.0,0.0,0.0
CAISO,CAISO,Distributed_Solar,2030,0.0,0.0,0.0,0.0,0.0
CAISO,CAISO,Distributed_Wind,2020,0.0,0.0,0.0,0.0,0.0
CAISO,CAISO,Distributed_Wind,2022,635742.3401795076,0.0,1236.6776453564698,0.0,0.0
CAISO,CAISO,Distributed_Wind,2026,634826.0723715081,0.0,2152.945453356027,0.0,0.0
CAISO,CAISO,Distributed_Wind,2030,584458.3946651298,0.0,52520.62315973407,0.0,0.0
CAISO,CAISO,EV_Charging,2020,0.0,0.0,0.0,0.0,0.0
CAISO,CAISO,EV_Charging,2022,0.0,0.0,0.0,0.0,0.0
CAISO,CAISO,EV_Charging,2026,0.0,0.0,0.0,0.0,0.0
CAISO,CAISO,EV_Charging,2030,0.0,0.0,0.0,0.0,0.0
CAISO,CAISO,Greater_Imperial_Geothermal,2020,0.0,0.0,0.0,0.0,0.0
CAISO,CAISO,Greater_Imperial_Geothermal,2022,0.0,0.0,0.0,0.0,0.0
CAISO,CAISO,Greater_Imperial_Geothermal,2026,0.0,0.0,0.0,0.0,0.0
CAISO,CAISO,Greater_Imperial_Geothermal,2030,0.0,0.0,0.0,0.0,0.0
CAISO,CAISO,Greater_Imperial_Solar,2020,0.0,0.0,0.0,0.0,0.0
CAISO,CAISO,Greater_Imperial_Solar,2022,0.0,0.0,0.0,0.0,0.0
CAISO,CAISO,Greater_Imperial_Solar,2026,2435941.615906152,0.0,86650.01528729052,0.0,0.0
CAISO,CAISO,Greater_Imperial_Solar,2030,6910822.645935029,0.0,826683.7039228005,0.0,0.0
CAISO,CAISO,Greater_Imperial_Wind,2020,0.0,0.0,0.0,0.0,0.0
CAISO,CAISO,Greater_Imperial_Wind,2022,0.0,0.0,0.0,0.0,0.0
CAISO,CAISO,Greater_Imperial_Wind,2026,0.0,0.0,0.0,0.0,0.0
CAISO,CAISO,Greater_Imperial_Wind,2030,0.0,0.0,0.0,0.0,0.0
CAISO,CAISO,Greater_Kramer_Wind,2020,0.0,0.0,0.0,0.0,0.0
CAISO,CAISO,Greater_Kramer_Wind,2022,0.0,0.0,0.0,0.0,0.0
CAISO,CAISO,Greater_Kramer_Wind,2026,0.0,0.0,0.0,0.0,0.0
CAISO,CAISO,Greater_Kramer_Wind,2030,0.0,0.0,0.0,0.0,0.0
CAISO,CAISO,Humboldt_Bay_Offshore_Wind,2020,0.0,0.0,0.0,0.0,0.0
CAISO,CAISO,Humboldt_Bay_Offshore_Wind,2022,0.0,0.0,0.0,0.0,0.0
CAISO,CAISO,Humboldt_Bay_Offshore_Wind,2026,0.0,0.0,0.0,0.0,0.0
CAISO,CAISO,Humboldt_Bay_Offshore_Wind,2030,0.0,0.0,0.0,0.0,0.0
CAISO,CAISO,Humboldt_Wind,2020,0.0,0.0,0.0,0.0,0.0
CAISO,CAISO,Humboldt_Wind,2022,0.0,0.0,0.0,0.0,0.0
CAISO,CAISO,Humboldt_Wind,2026,0.0,0.0,0.0,0.0,0.0
CAISO,CAISO,Humboldt_Wind,2030,0.0,0.0,0.0,0.0,0.0
CAISO,CAISO,Hydrogen_electrolysis,2020,0.0,0.0,0.0,0.0,0.0
CAISO,CAISO,Hydrogen_electrolysis,2022,0.0,0.0,0.0,0.0,0.0
CAISO,CAISO,Hydrogen_electrolysis,2026,0.0,0.0,0.0,0.0,0.0
CAISO,CAISO,Hydrogen_electrolysis,2030,0.0,0.0,0.0,0.0,0.0
CAISO,CAISO,Idaho_Wind,2020,0.0,0.0,0.0,0.0,0.0
CAISO,CAISO,Idaho_Wind,2022,0.0,0.0,0.0,0.0,0.0
CAISO,CAISO,Idaho_Wind,2026,0.0,0.0,0.0,0.0,0.0
CAISO,CAISO,Idaho_Wind,2030,0.0,0.0,0.0,0.0,0.0
CAISO,CAISO,InState_Biomass,2020,0.0,0.0,0.0,0.0,0.0
CAISO,CAISO,InState_Biomass,2022,0.0,0.0,0.0,0.0,0.0
CAISO,CAISO,InState_Biomass,2026,0.0,0.0,0.0,0.0,0.0
CAISO,CAISO,InState_Biomass,2030,0.0,0.0,0.0,0.0,0.0
CAISO,CAISO,Inyokern_North_Kramer_Geothermal,2020,0.0,0.0,0.0,0.0,0.0
CAISO,CAISO,Inyokern_North_Kramer_Geothermal,2022,0.0,0.0,0.0,0.0,0.0
CAISO,CAISO,Inyokern_North_Kramer_Geothermal,2026,0.0,0.0,0.0,0.0,0.0
CAISO,CAISO,Inyokern_North_Kramer_Geothermal,2030,0.0,0.0,0.0,0.0,0.0
CAISO,CAISO,Inyokern_North_Kramer_Solar,2020,0.0,0.0,0.0,0.0,0.0
CAISO,CAISO,Inyokern_North_Kramer_Solar,2022,0.0,0.0,0.0,0.0,0.0
CAISO,CAISO,Inyokern_North_Kramer_Solar,2026,825817.2270484004,0.0,12334.928969181778,0.0,0.0
CAISO,CAISO,Inyokern_North_Kramer_Solar,2030,635910.4353315119,0.0,202241.72068607117,0.0,0.0
CAISO,CAISO,Kern_Greater_Carrizo_Solar,2020,0.0,0.0,0.0,0.0,0.0
CAISO,CAISO,Kern_Greater_Carrizo_Solar,2022,0.0,0.0,0.0,0.0,0.0
CAISO,CAISO,Kern_Greater_Carrizo_Solar,2026,0.0,0.0,0.0,0.0,0.0
CAISO,CAISO,Kern_Greater_Carrizo_Solar,2030,1165988.6414585619,0.0,281898.1507948581,0.0,0.0
CAISO,CAISO,Kern_Greater_Carrizo_Wind,2020,0.0,0.0,0.0,0.0,0.0
CAISO,CAISO,Kern_Greater_Carrizo_Wind,2022,162536.53537930956,0.0,1068.865208626715,0.0,0.0
CAISO,CAISO,Kern_Greater_Carrizo_Wind,2026,162436.45991192866,0.0,1168.9406760075892,0.0,0.0
CAISO,CAISO,Kern_Greater_Carrizo_Wind,2030,153741.3481033187,0.0,9864.052484617747,0.0,0.0
CAISO,CAISO,Kramer_Inyokern_Ex_Solar,2020,0.0,0.0,0.0,0.0,0.0
CAISO,CAISO,Kramer_Inyokern_Ex_Solar,2022,0.0,0.0,0.0,0.0,0.0
CAISO,CAISO,Kramer_Inyokern_Ex_Solar,2026,2336994.2733932547,0.0,91105.28377535118,0.0,0.0
CAISO,CAISO,Kramer_Inyokern_Ex_Solar,2030,2020536.6984235945,0.0,407562.8587450115,0.0,0.0
CAISO,CAISO,Kramer_Inyokern_Ex_Wind,2020,0.0,0.0,0.0,0.0,0.0
CAISO,CAISO,Kramer_Inyokern_Ex_Wind,2022,0.0,0.0,0.0,0.0,0.0
CAISO,CAISO,Kramer_Inyokern_Ex_Wind,2026,0.0,0.0,0.0,0.0,0.0
CAISO,CAISO,Kramer_Inyokern_Ex_Wind,2030,0.0,0.0,0.0,0.0,0.0
CAISO,CAISO,Morro_Bay_Offshore_Wind,2020,0.0,0.0,0.0,0.0,0.0
CAISO,CAISO,Morro_Bay_Offshore_Wind,2022,0.0,0.0,0.0,0.0,0.0
CAISO,CAISO,Morro_Bay_Offshore_Wind,2026,0.0,0.0,0.0,0.0,0.0
CAISO,CAISO,Morro_Bay_Offshore_Wind,2030,0.0,0.0,0.0,0.0,0.0
CAISO,CAISO,NW_Ext_Tx_Wind,2020,0.0,0.0,0.0,0.0,0.0
CAISO,CAISO,NW_Ext_Tx_Wind,2022,0.0,0.0,0.0,0.0,0.0
CAISO,CAISO,NW_Ext_Tx_Wind,2026,0.0,0.0,0.0,0.0,0.0
CAISO,CAISO,NW_Ext_Tx_Wind,2030,0.0,0.0,0.0,0.0,0.0
CAISO,CAISO,New_Mexico_Solar,2020,0.0,0.0,0.0,0.0,0.0
CAISO,CAISO,New_Mexico_Solar,2022,0.0,0.0,0.0,0.0,0.0
CAISO,CAISO,New_Mexico_Solar,2026,0.0,0.0,0.0,0.0,0.0
CAISO,CAISO,New_Mexico_Solar,2030,0.0,0.0,0.0,0.0,0.0
CAISO,CAISO,New_Mexico_Wind,2020,0.0,0.0,0.0,0.0,0.0
CAISO,CAISO,New_Mexico_Wind,2022,0.0,0.0,0.0,0.0,0.0
CAISO,CAISO,New_Mexico_Wind,2026,0.0,0.0,0.0,0.0,0.0
CAISO,CAISO,New_Mexico_Wind,2030,0.0,0.0,0.0,0.0,0.0
CAISO,CAISO,North_Victor_Solar,2020,0.0,0.0,0.0,0.0,0.0
CAISO,CAISO,North_Victor_Solar,2022,0.0,0.0,0.0,0.0,0.0
CAISO,CAISO,North_Victor_Solar,2026,829429.6813362025,0.0,17188.10517219857,0.0,0.0
CAISO,CAISO,North_Victor_Solar,2030,669471.2552782935,0.0,177146.5312301071,0.0,0.0
CAISO,CAISO,Northern_California_Ex_Geothermal,2020,0.0,0.0,0.0,0.0,0.0
CAISO,CAISO,Northern_California_Ex_Geothermal,2022,0.0,0.0,0.0,0.0,0.0
CAISO,CAISO,Northern_California_Ex_Geothermal,2026,0.0,0.0,0.0,0.0,0.0
CAISO,CAISO,Northern_California_Ex_Geothermal,2030,0.0,0.0,0.0,0.0,0.0
CAISO,CAISO,Northern_California_Ex_Solar,2020,0.0,0.0,0.0,0.0,0.0
CAISO,CAISO,Northern_California_Ex_Solar,2022,0.0,0.0,0.0,0.0,0.0
CAISO,CAISO,Northern_California_Ex_Solar,2026,0.0,0.0,0.0,0.0,0.0
CAISO,CAISO,Northern_California_Ex_Solar,2030,0.0,0.0,0.0,0.0,0.0
CAISO,CAISO,Northern_California_Ex_Wind,2020,0.0,0.0,0.0,0.0,0.0
CAISO,CAISO,Northern_California_Ex_Wind,2022,2200457.9826959274,0.0,16484.82701814797,0.0,0.0
CAISO,CAISO,Northern_California_Ex_Wind,2026,2204276.940333641,0.0,12665.869380434351,0.0,0.0
CAISO,CAISO,Northern_California_Ex_Wind,2030,2040104.0964995099,0.0,176838.71321456388,0.0,0.0
CAISO,CAISO,Pacific_Northwest_Geothermal,2020,0.0,0.0,0.0,0.0,0.0
CAISO,CAISO,Pacific_Northwest_Geothermal,2022,0.0,0.0,0.0,0.0,0.0
CAISO,CAISO,Pacific_Northwest_Geothermal,2026,0.0,0.0,0.0,0.0,0.0
CAISO,CAISO,Pacific_Northwest_Geothermal,2030,0.0,0.0,0.0,0.0,0.0
CAISO,CAISO,Pacific_Northwest_Wind,2020,0.0,0.0,0.0,0.0,0.0
CAISO,CAISO,Pacific_Northwest_Wind,2022,0.0,0.0,0.0,0.0,0.0
CAISO,CAISO,Pacific_Northwest_Wind,2026,0.0,0.0,0.0,0.0,0.0
CAISO,CAISO,Pacific_Northwest_Wind,2030,0.0,0.0,0.0,0.0,0.0
CAISO,CAISO,Riverside_Palm_Springs_Geothermal,2020,0.0,0.0,0.0,0.0,0.0
CAISO,CAISO,Riverside_Palm_Springs_Geothermal,2022,0.0,0.0,0.0,0.0,0.0
CAISO,CAISO,Riverside_Palm_Springs_Geothermal,2026,0.0,0.0,0.0,0.0,0.0
CAISO,CAISO,Riverside_Palm_Springs_Geothermal,2030,0.0,0.0,0.0,0.0,0.0
CAISO,CAISO,Riverside_Palm_Springs_Solar,2020,0.0,0.0,0.0,0.0,0.0
CAISO,CAISO,Riverside_Palm_Springs_Solar,2022,0.0,0.0,0.0,0.0,0.0
CAISO,CAISO,Riverside_Palm_Springs_Solar,2026,846443.4261293744,0.0,40265.38538724345,0.0,0.0
CAISO,CAISO,Riverside_Palm_Springs_Solar,2030,7929946.110941478,0.0,619770.6465290205,0.0,0.0
CAISO,CAISO,SCADSNV_Solar,2020,0.0,0.0,0.0,0.0,0.0
CAISO,CAISO,SCADSNV_Solar,2022,0.0,0.0,0.0,0.0,0.0
CAISO,CAISO,SCADSNV_Solar,2026,0.0,0.0,0.0,0.0,0.0
CAISO,CAISO,SCADSNV_Solar,2030,0.0,0.0,0.0,0.0,0.0
CAISO,CAISO,SCADSNV_Wind,2020,0.0,0.0,0.0,0.0,0.0
CAISO,CAISO,SCADSNV_Wind,2022,0.0,0.0,0.0,0.0,0.0
CAISO,CAISO,SCADSNV_Wind,2026,0.0,0.0,0.0,0.0,0.0
CAISO,CAISO,SCADSNV_Wind,2030,0.0,0.0,0.0,0.0,0.0
CAISO,CAISO,SW_Ext_Tx_Wind,2020,0.0,0.0,0.0,0.0,0.0
CAISO,CAISO,SW_Ext_Tx_Wind,2022,0.0,0.0,0.0,0.0,0.0
CAISO,CAISO,SW_Ext_Tx_Wind,2026,0.0,0.0,0.0,0.0,0.0
CAISO,CAISO,SW_Ext_Tx_Wind,2030,0.0,0.0,0.0,0.0,0.0
CAISO,CAISO,Sacramento_River_Solar,2020,0.0,0.0,0.0,0.0,0.0
CAISO,CAISO,Sacramento_River_Solar,2022,0.0,0.0,0.0,0.0,0.0
CAISO,CAISO,Sacramento_River_Solar,2026,0.0,0.0,0.0,0.0,0.0
CAISO,CAISO,Sacramento_River_Solar,2030,0.0,0.0,0.0,0.0,0.0
CAISO,CAISO,Sacramento_River_Wind,2020,0.0,0.0,0.0,0.0,0.0
CAISO,CAISO,Sacramento_River_Wind,2022,0.0,0.0,0.0,0.0,0.0
CAISO,CAISO,Sacramento_River_Wind,2026,0.0,0.0,0.0,0.0,0.0
CAISO,CAISO,Sacramento_River_Wind,2030,0.0,0.0,0.0,0.0,0.0
CAISO,CAISO,Solano_Geothermal,2020,0.0,0.0,0.0,0.0,0.0
CAISO,CAISO,Solano_Geothermal,2022,0.0,0.0,0.0,0.0,0.0
CAISO,CAISO,Solano_Geothermal,2026,0.0,0.0,0.0,0.0,0.0
CAISO,CAISO,Solano_Geothermal,2030,0.0,0.0,0.0,0.0,0.0
CAISO,CAISO,Solano_Solar,2020,0.0,0.0,0.0,0.0,0.0
CAISO,CAISO,Solano_Solar,2022,0.0,0.0,0.0,0.0,0.0
CAISO,CAISO,Solano_Solar,2026,0.0,0.0,0.0,0.0,0.0
CAISO,CAISO,Solano_Solar,2030,0.0,0.0,0.0,0.0,0.0
CAISO,CAISO,Solano_Wind,2020,0.0,0.0,0.0,0.0,0.0
CAISO,CAISO,Solano_Wind,2022,1435084.9632034034,0.0,6133.479591356692,0.0,0.0
CAISO,CAISO,Solano_Wind,2026,1425953.7959264666,0.0,15264.646868293246,0.0,0.0
CAISO,CAISO,Solano_Wind,2030,1349328.2224217972,0.0,91890.22037296265,0.0,0.0
CAISO,CAISO,Solano_subzone_Solar,2020,0.0,0.0,0.0,0.0,0.0
CAISO,CAISO,Solano_subzone_Solar,2022,0.0,0.0,0.0,0.0,0.0
CAISO,CAISO,Solano_subzone_Solar,2026,0.0,0.0,0.0,0.0,0.0
CAISO,CAISO,Solano_subzone_Solar,2030,0.0,0.0,0.0,0.0,0.0
CAISO,CAISO,Solano_subzone_Wind,2020,0.0,0.0,0.0,0.0,0.0
CAISO,CAISO,Solano_subzone_Wind,2022,0.0,0.0,0.0,0.0,0.0
CAISO,CAISO,Solano_subzone_Wind,2026,0.0,0.0,0.0,0.0,0.0
CAISO,CAISO,Solano_subzone_Wind,2030,0.0,0.0,0.0,0.0,0.0
CAISO,CAISO,Southern_California_Desert_Ex_Solar,2020,0.0,0.0,0.0,0.0,0.0
CAISO,CAISO,Southern_California_Desert_Ex_Solar,2022,0.0,0.0,0.0,0.0,0.0
CAISO,CAISO,Southern_California_Desert_Ex_Solar,2026,0.0,0.0,0.0,0.0,0.0
CAISO,CAISO,Southern_California_Desert_Ex_Solar,2030,1937622.4160806255,0.0,405689.38778441475,0.0,0.0
CAISO,CAISO,Southern_California_Desert_Ex_Wind,2020,0.0,0.0,0.0,0.0,0.0
CAISO,CAISO,Southern_California_Desert_Ex_Wind,2022,0.0,0.0,0.0,0.0,0.0
CAISO,CAISO,Southern_California_Desert_Ex_Wind,2026,0.0,0.0,0.0,0.0,0.0
CAISO,CAISO,Southern_California_Desert_Ex_Wind,2030,0.0,0.0,0.0,0.0,0.0
CAISO,CAISO,Southern_Nevada_Geothermal,2020,0.0,0.0,0.0,0.0,0.0
CAISO,CAISO,Southern_Nevada_Geothermal,2022,0.0,0.0,0.0,0.0,0.0
CAISO,CAISO,Southern_Nevada_Geothermal,2026,0.0,0.0,0.0,0.0,0.0
CAISO,CAISO,Southern_Nevada_Geothermal,2030,0.0,0.0,0.0,0.0,0.0
CAISO,CAISO,Southern_Nevada_Solar,2020,0.0,0.0,0.0,0.0,0.0
CAISO,CAISO,Southern_Nevada_Solar,2022,0.0,0.0,0.0,0.0,0.0
CAISO,CAISO,Southern_Nevada_Solar,2026,1570085.1306615593,0.0,29917.549407809398,0.0,0.0
CAISO,CAISO,Southern_Nevada_Solar,2030,1292893.247374222,0.0,307109.4326951483,0.0,0.0
CAISO,CAISO,Southern_Nevada_Wind,2020,0.0,0.0,0.0,0.0,0.0
CAISO,CAISO,Southern_Nevada_Wind,2022,0.0,0.0,0.0,0.0,0.0
CAISO,CAISO,Southern_Nevada_Wind,2026,0.0,0.0,0.0,0.0,0.0
CAISO,CAISO,Southern_Nevada_Wind,2030,0.0,0.0,0.0,0.0,0.0
CAISO,CAISO,Tehachapi_Ex_Solar,2020,0.0,0.0,0.0,0.0,0.0
CAISO,CAISO,Tehachapi_Ex_Solar,2022,0.0,0.0,0.0,0.0,0.0
CAISO,CAISO,Tehachapi_Ex_Solar,2026,3783963.0184722682,0.0,427230.1862085533,0.0,0.0
CAISO,CAISO,Tehachapi_Ex_Solar,2030,3423569.7135198484,0.0,787623.3138324677,0.0,0.0
CAISO,CAISO,Tehachapi_Solar,2020,0.0,0.0,0.0,0.0,0.0
CAISO,CAISO,Tehachapi_Solar,2022,0.0,0.0,0.0,0.0,0.0
CAISO,CAISO,Tehachapi_Solar,2026,9586257.238350576,0.0,751037.8807455574,0.0,0.0
CAISO,CAISO,Tehachapi_Solar,2030,9498647.356060512,0.0,1073361.5157358444,0.0,0.0
CAISO,CAISO,Tehachapi_Wind,2020,0.0,0.0,0.0,0.0,0.0
CAISO,CAISO,Tehachapi_Wind,2022,73131.33718584097,0.0,109.32189781273351,0.0,0.0
CAISO,CAISO,Tehachapi_Wind,2026,73202.47353967025,0.0,38.18554398346335,0.0,0.0
CAISO,CAISO,Tehachapi_Wind,2030,67978.38374689376,0.0,5262.275336759905,0.0,0.0
CAISO,CAISO,Utah_Solar,2020,0.0,0.0,0.0,0.0,0.0
CAISO,CAISO,Utah_Solar,2022,0.0,0.0,0.0,0.0,0.0
CAISO,CAISO,Utah_Solar,2026,0.0,0.0,0.0,0.0,0.0
CAISO,CAISO,Utah_Solar,2030,0.0,0.0,0.0,0.0,0.0
CAISO,CAISO,Utah_Wind,2020,0.0,0.0,0.0,0.0,0.0
CAISO,CAISO,Utah_Wind,2022,0.0,0.0,0.0,0.0,0.0
CAISO,CAISO,Utah_Wind,2026,0.0,0.0,0.0,0.0,0.0
CAISO,CAISO,Utah_Wind,2030,0.0,0.0,0.0,0.0,0.0
CAISO,CAISO,Westlands_Ex_Solar,2020,0.0,0.0,0.0,0.0,0.0
CAISO,CAISO,Westlands_Ex_Solar,2022,0.0,0.0,0.0,0.0,0.0
CAISO,CAISO,Westlands_Ex_Solar,2026,0.0,0.0,0.0,0.0,0.0
CAISO,CAISO,Westlands_Ex_Solar,2030,1980976.2844129598,0.0,490862.75189444516,0.0,0.0
CAISO,CAISO,Westlands_Ex_Wind,2020,0.0,0.0,0.0,0.0,0.0
CAISO,CAISO,Westlands_Ex_Wind,2022,0.0,0.0,0.0,0.0,0.0
CAISO,CAISO,Westlands_Ex_Wind,2026,0.0,0.0,0.0,0.0,0.0
CAISO,CAISO,Westlands_Ex_Wind,2030,0.0,0.0,0.0,0.0,0.0
CAISO,CAISO,Westlands_Solar,2020,0.0,0.0,0.0,0.0,0.0
CAISO,CAISO,Westlands_Solar,2022,0.0,0.0,0.0,0.0,0.0
CAISO,CAISO,Westlands_Solar,2026,0.0,0.0,0.0,0.0,0.0
CAISO,CAISO,Westlands_Solar,2030,0.0,0.0,0.0,0.0,0.0
CAISO,CAISO,Wyoming_Wind,2020,0.0,0.0,0.0,0.0,0.0
CAISO,CAISO,Wyoming_Wind,2022,0.0,0.0,0.0,0.0,0.0
CAISO,CAISO,Wyoming_Wind,2026,0.0,0.0,0.0,0.0,0.0
CAISO,CAISO,Wyoming_Wind,2030,0.0,0.0,0.0,0.0,0.0
CAISO_NW_Hydro,CAISO_NW_Hydro,NW_Hydro_for_CAISO,2020,11900494.01344376,0.0,0.0,0.0,0.0
CAISO_NW_Hydro,CAISO_NW_Hydro,NW_Hydro_for_CAISO,2022,11900492.923843777,0.0,0.0,0.0,0.0
CAISO_NW_Hydro,CAISO_NW_Hydro,NW_Hydro_for_CAISO,2026,11900493.524393067,0.0,0.0,0.0,0.0
CAISO_NW_Hydro,CAISO_NW_Hydro,NW_Hydro_for_CAISO,2030,11900493.26812043,0.0,0.0,0.0,0.0
IID,CAISO,IID_Geothermal_for_CAISO,2020,581664.0000000016,0.0,0.0,0.0,0.0
IID,CAISO,IID_Geothermal_for_CAISO,2022,581664.0000000016,0.0,0.0,0.0,0.0
IID,CAISO,IID_Geothermal_for_CAISO,2026,581664.0000000016,0.0,0.0,0.0,0.0
IID,CAISO,IID_Geothermal_for_CAISO,2030,581664.0000000016,0.0,0.0,0.0,0.0
IID,CAISO,IID_Solar_for_CAISO,2020,147634.2748656447,0.0,0.0,0.0,0.0
IID,CAISO,IID_Solar_for_CAISO,2022,147634.2748656447,0.0,0.0,0.0,0.0
IID,CAISO,IID_Solar_for_CAISO,2026,147634.2748656447,0.0,0.0,0.0,0.0
IID,CAISO,IID_Solar_for_CAISO,2030,147634.2748656447,0.0,0.0,0.0,0.0
IID,IID,IID_Biomass_for_Other,2020,0.0,0.0,0.0,0.0,0.0
IID,IID,IID_Biomass_for_Other,2022,0.0,0.0,0.0,0.0,0.0
IID,IID,IID_Biomass_for_Other,2026,0.0,0.0,0.0,0.0,0.0
IID,IID,IID_Biomass_for_Other,2030,0.0,0.0,0.0,0.0,0.0
IID,IID,IID_CCGT,2020,477892.76562695095,0.0,0.0,0.0,0.0
IID,IID,IID_CCGT,2022,475691.22076946445,0.0,0.0,0.0,0.0
IID,IID,IID_CCGT,2026,279098.916541613,0.0,0.0,0.0,0.0
IID,IID,IID_CCGT,2030,384824.80631232803,0.0,0.0,99.67234720864296,99.6723454610218
IID,IID,IID_Geothermal_for_Other,2020,35040.00000000002,0.0,0.0,0.0,0.0
IID,IID,IID_Geothermal_for_Other,2022,35040.00000000002,0.0,0.0,0.0,0.0
IID,IID,IID_Geothermal_for_Other,2026,35040.00000000002,0.0,0.0,0.0,0.0
IID,IID,IID_Geothermal_for_Other,2030,35040.00000000002,0.0,0.0,0.0,0.0
IID,IID,IID_Hydro,2020,254747.49342953268,0.0,0.0,0.0,0.0
IID,IID,IID_Hydro,2022,254747.26876861296,0.0,0.0,0.0,0.0
IID,IID,IID_Hydro,2026,254747.38926439674,0.0,0.0,0.0,0.0
IID,IID,IID_Hydro,2030,254747.6617299995,0.0,0.0,0.0,0.0
IID,IID,IID_Peaker,2020,0.0,0.0,0.0,0.0,0.0
IID,IID,IID_Peaker,2022,0.0,0.0,0.0,0.0,0.0
IID,IID,IID_Peaker,2026,0.0,0.0,0.0,0.0,0.0
IID,IID,IID_Peaker,2030,25719.45938156133,0.0,0.0,104.4429033993207,104.4429033993207
IID,IID,IID_Small_Hydro_for_Other,2020,0.0,0.0,0.0,0.0,0.0
IID,IID,IID_Small_Hydro_for_Other,2022,0.0,0.0,0.0,0.0,0.0
IID,IID,IID_Small_Hydro_for_Other,2026,0.0,0.0,0.0,0.0,0.0
IID,IID,IID_Small_Hydro_for_Other,2030,0.0,0.0,0.0,0.0,0.0
IID,IID,IID_Solar_for_Other,2020,0.0,0.0,0.0,0.0,0.0
IID,IID,IID_Solar_for_Other,2022,0.0,0.0,0.0,0.0,0.0
IID,IID,IID_Solar_for_Other,2026,0.0,0.0,0.0,0.0,0.0
IID,IID,IID_Solar_for_Other,2030,0.0,0.0,0.0,0.0,0.0
IID,IID,IID_Wind_for_Other,2020,0.0,0.0,0.0,0.0,0.0
IID,IID,IID_Wind_for_Other,2022,0.0,0.0,0.0,0.0,0.0
IID,IID,IID_Wind_for_Other,2026,0.0,0.0,0.0,0.0,0.0
IID,IID,IID_Wind_for_Other,2030,0.0,0.0,0.0,0.0,0.0
LDWP,CAISO,LDWP_Wind_for_CAISO,2020,13199.194695043863,0.0,0.0,0.0,0.0
LDWP,CAISO,LDWP_Wind_for_CAISO,2022,13199.194695043863,0.0,0.0,0.0,0.0
LDWP,CAISO,LDWP_Wind_for_CAISO,2026,13199.194695043863,0.0,0.0,0.0,0.0
LDWP,CAISO,LDWP_Wind_for_CAISO,2030,13199.194695043863,0.0,0.0,0.0,0.0
LDWP,LDWP,LDWP_Biomass_for_Other,2020,0.0,0.0,0.0,0.0,0.0
LDWP,LDWP,LDWP_Biomass_for_Other,2022,0.0,0.0,0.0,0.0,0.0
LDWP,LDWP,LDWP_Biomass_for_Other,2026,0.0,0.0,0.0,0.0,0.0
LDWP,LDWP,LDWP_Biomass_for_Other,2030,0.0,0.0,0.0,0.0,0.0
LDWP,LDWP,LDWP_CCGT,2020,7323428.8864180185,0.0,0.0,0.0,0.0
LDWP,LDWP,LDWP_CCGT,2022,10021890.608182242,0.0,0.0,0.0,0.0
LDWP,LDWP,LDWP_CCGT,2026,10925276.105881324,0.0,0.0,0.0,0.0
LDWP,LDWP,LDWP_CCGT,2030,8092274.747745033,0.0,0.0,0.0,0.0
LDWP,LDWP,LDWP_Coal,2020,4865346.4131743405,0.0,0.0,0.0,0.0
LDWP,LDWP,LDWP_Coal,2022,2899114.3544911384,0.0,0.0,0.0,0.0
LDWP,LDWP,LDWP_Coal,2026,0.0,0.0,0.0,0.0,0.0
LDWP,LDWP,LDWP_Coal,2030,0.0,0.0,0.0,0.0,0.0
LDWP,LDWP,LDWP_Geothermal_for_Other,2020,1289997.600000004,0.0,0.0,0.0,0.0
LDWP,LDWP,LDWP_Geothermal_for_Other,2022,1499974.8000000084,0.0,0.0,0.0,0.0
LDWP,LDWP,LDWP_Geothermal_for_Other,2026,2250006.000000001,0.0,0.0,0.0,0.0
LDWP,LDWP,LDWP_Geothermal_for_Other,2030,2300025.6000000085,0.0,0.0,0.0,0.0
LDWP,LDWP,LDWP_Hydro,2020,102925.23223516358,0.0,0.0,0.0,0.0
LDWP,LDWP,LDWP_Hydro,2022,102925.09989574508,0.0,0.0,0.0,0.0
LDWP,LDWP,LDWP_Hydro,2026,102925.04181102062,0.0,0.0,0.0,0.0
LDWP,LDWP,LDWP_Hydro,2030,102925.23223516355,0.0,0.0,0.0,0.0
LDWP,LDWP,LDWP_Nuclear,2020,3274182.952901987,0.0,0.0,0.0,0.0
LDWP,LDWP,LDWP_Nuclear,2022,3274182.952901987,0.0,0.0,0.0,0.0
LDWP,LDWP,LDWP_Nuclear,2026,3274182.952901987,0.0,0.0,0.0,0.0
LDWP,LDWP,LDWP_Nuclear,2030,3274182.952901987,0.0,0.0,0.0,0.0
LDWP,LDWP,LDWP_Peaker,2020,0.0,0.0,0.0,0.0,0.0
LDWP,LDWP,LDWP_Peaker,2022,0.0,0.0,0.0,0.0,0.0
LDWP,LDWP,LDWP_Peaker,2026,0.0,0.0,0.0,0.0,0.0
LDWP,LDWP,LDWP_Peaker,2030,0.0,0.0,0.0,0.0,0.0
LDWP,LDWP,LDWP_ST,2020,0.0,0.0,0.0,0.0,0.0
LDWP,LDWP,LDWP_ST,2022,0.0,0.0,0.0,0.0,0.0
LDWP,LDWP,LDWP_ST,2026,0.0,0.0,0.0,0.0,0.0
LDWP,LDWP,LDWP_ST,2030,0.0,0.0,0.0,0.0,0.0
LDWP,LDWP,LDWP_Small_Hydro_for_Other,2020,0.0,0.0,0.0,0.0,0.0
LDWP,LDWP,LDWP_Small_Hydro_for_Other,2022,0.0,0.0,0.0,0.0,0.0
LDWP,LDWP,LDWP_Small_Hydro_for_Other,2026,0.0,0.0,0.0,0.0,0.0
LDWP,LDWP,LDWP_Small_Hydro_for_Other,2030,0.0,0.0,0.0,0.0,0.0
LDWP,LDWP,LDWP_Solar_for_Other,2020,2761903.1398360613,0.0,0.0,0.0,0.0
LDWP,LDWP,LDWP_Solar_for_Other,2022,3163628.763766921,0.0,0.0,0.0,0.0
LDWP,LDWP,LDWP_Solar_for_Other,2026,3257155.7799979257,0.0,0.0,0.0,0.0
LDWP,LDWP,LDWP_Solar_for_Other,2030,3638242.1406533066,0.0,0.0,0.0,0.0
LDWP,LDWP,LDWP_Wind_for_Other,2020,0.0,0.0,0.0,0.0,0.0
LDWP,LDWP,LDWP_Wind_for_Other,2022,65625.20406480828,0.0,0.0,0.0,0.0
LDWP,LDWP,LDWP_Wind_for_Other,2026,650195.93331355,0.0,0.0,0.0,0.0
LDWP,LDWP,LDWP_Wind_for_Other,2030,1094592.3974253817,0.0,0.0,0.0,0.0
NW,CAISO,NW_Biomass_for_CAISO,2020,344618.40000000084,0.0,0.0,0.0,0.0
NW,CAISO,NW_Biomass_for_CAISO,2022,344618.40000000084,0.0,0.0,0.0,0.0
NW,CAISO,NW_Biomass_for_CAISO,2026,344618.40000000084,0.0,0.0,0.0,0.0
NW,CAISO,NW_Biomass_for_CAISO,2030,344618.40000000084,0.0,0.0,0.0,0.0
NW,CAISO,NW_Geothermal_for_CAISO,2020,0.0,0.0,0.0,0.0,0.0
NW,CAISO,NW_Geothermal_for_CAISO,2022,0.0,0.0,0.0,0.0,0.0
NW,CAISO,NW_Geothermal_for_CAISO,2026,0.0,0.0,0.0,0.0,0.0
NW,CAISO,NW_Geothermal_for_CAISO,2030,0.0,0.0,0.0,0.0,0.0
NW,CAISO,NW_Small_Hydro_for_CAISO,2020,30221.99999999998,0.0,0.0,0.0,0.0
NW,CAISO,NW_Small_Hydro_for_CAISO,2022,30221.99999999998,0.0,0.0,0.0,0.0
NW,CAISO,NW_Small_Hydro_for_CAISO,2026,30221.99999999998,0.0,0.0,0.0,0.0
NW,CAISO,NW_Small_Hydro_for_CAISO,2030,30221.99999999998,0.0,0.0,0.0,0.0
NW,CAISO,NW_Wind_for_CAISO,2020,3304311.9103793595,0.0,19254.674662178968,0.0,0.0
NW,CAISO,NW_Wind_for_CAISO,2022,3260563.3245160845,0.0,63003.26955861686,0.0,0.0
NW,CAISO,NW_Wind_for_CAISO,2026,3300257.6010091756,0.0,23308.993065525603,0.0,0.0
NW,CAISO,NW_Wind_for_CAISO,2030,3254421.1970941457,0.0,69145.57430906002,0.0,0.0
NW,NW,NW_Biomass_for_Other,2020,5253459.600000013,0.0,0.0,0.0,0.0
NW,NW,NW_Biomass_for_Other,2022,5253459.600000013,0.0,0.0,0.0,0.0
NW,NW,NW_Biomass_for_Other,2026,4917688.800000027,0.0,0.0,0.0,0.0
NW,NW,NW_Biomass_for_Other,2030,4859785.200000037,0.0,0.0,0.0,0.0
NW,NW,NW_CCGT,2020,8560813.139014097,0.0,0.0,0.0,0.0
NW,NW,NW_CCGT,2022,15036648.030469384,0.0,0.0,0.0,0.0
NW,NW,NW_CCGT,2026,20775934.553422213,0.0,0.0,0.0,0.0
NW,NW,NW_CCGT,2030,24980629.241263248,0.0,0.0,0.0,0.0
NW,NW,NW_Coal,2020,72477807.5114361,0.0,0.0,0.0,0.0
NW,NW,NW_Coal,2022,61897708.99653183,0.0,0.0,0.0,0.0
NW,NW,NW_Coal,2026,56639789.1837329,0.0,0.0,0.0,0.0
NW,NW,NW_Coal,2030,51774265.915292025,0.0,0.0,0.0,0.0
NW,NW,NW_Geothermal_for_Other,2020,909726.0000000051,0.0,0.0,0.0,0.0
NW,NW,NW_Geothermal_for_Other,2022,909726.0000000051,0.0,0.0,0.0,0.0
NW,NW,NW_Geothermal_for_Other,2026,909726.0000000051,0.0,0.0,0.0,0.0
NW,NW,NW_Geothermal_for_Other,2030,909726.0000000051,0.0,0.0,0.0,0.0
NW,NW,NW_Hydro,2020,131358624.40645048,0.0,0.0,0.0,0.0
NW,NW,NW_Hydro,2022,131358625.17321411,0.0,0.0,0.0,0.0
NW,NW,NW_Hydro,2026,131358623.74194835,0.0,0.0,0.0,0.0
NW,NW,NW_Hydro,2030,130595251.94720514,0.0,0.0,0.0,0.0
NW,NW,NW_Nuclear,2020,14105970.214251252,0.0,0.0,0.0,0.0
NW,NW,NW_Nuclear,2022,14105970.214251252,0.0,0.0,0.0,0.0
NW,NW,NW_Nuclear,2026,14105970.214251252,0.0,0.0,0.0,0.0
NW,NW,NW_Nuclear,2030,14105970.214251252,0.0,0.0,0.0,0.0
NW,NW,NW_Peaker,2020,0.0,0.0,0.0,0.0,0.0
NW,NW,NW_Peaker,2022,0.0,0.0,0.0,0.0,0.0
NW,NW,NW_Peaker,2026,0.0,0.0,0.0,0.0,0.0
NW,NW,NW_Peaker,2030,0.0,0.0,0.0,0.0,0.0
NW,NW,NW_Small_Hydro_for_Other,2020,0.0,0.0,0.0,0.0,0.0
NW,NW,NW_Small_Hydro_for_Other,2022,0.0,0.0,0.0,0.0,0.0
NW,NW,NW_Small_Hydro_for_Other,2026,0.0,0.0,0.0,0.0,0.0
NW,NW,NW_Small_Hydro_for_Other,2030,0.0,0.0,0.0,0.0,0.0
NW,NW,NW_Solar_for_Other,2020,1166775.1853341938,0.0,0.0,0.0,0.0
NW,NW,NW_Solar_for_Other,2022,1166775.1853341938,0.0,0.0,0.0,0.0
NW,NW,NW_Solar_for_Other,2026,1166775.1853341938,0.0,0.0,0.0,0.0
NW,NW,NW_Solar_for_Other,2030,1164808.5477313532,0.0,0.0,0.0,0.0
NW,NW,NW_Wind_for_Other,2020,21895882.40740947,0.0,0.0,0.0,0.0
NW,NW,NW_Wind_for_Other,2022,21895882.40740947,0.0,0.0,0.0,0.0
NW,NW,NW_Wind_for_Other,2026,21895882.40740947,0.0,0.0,0.0,0.0
NW,NW,NW_Wind_for_Other,2030,23037116.96258789,0.0,0.0,0.0,0.0
SW,CAISO,SW_Solar_for_CAISO,2020,184664.58140034712,0.0,0.0,0.0,0.0
SW,CAISO,SW_Solar_for_CAISO,2022,184664.58140034712,0.0,0.0,0.0,0.0
SW,CAISO,SW_Solar_for_CAISO,2026,184664.58140034712,0.0,0.0,0.0,0.0
SW,CAISO,SW_Solar_for_CAISO,2030,184664.58140034712,0.0,0.0,0.0,0.0
SW,CAISO,SW_Wind_for_CAISO,2020,212479.476342157,0.0,0.0,0.0,0.0
SW,CAISO,SW_Wind_for_CAISO,2022,212479.476342157,0.0,0.0,0.0,0.0
SW,CAISO,SW_Wind_for_CAISO,2026,212479.476342157,0.0,0.0,0.0,0.0
SW,CAISO,SW_Wind_for_CAISO,2030,212479.476342157,0.0,0.0,0.0,0.0
SW,SW,SW_Biomass_for_Other,2020,327623.9999999992,0.0,0.0,0.0,0.0
SW,SW,SW_Biomass_for_Other,2022,327623.9999999992,0.0,0.0,0.0,0.0
SW,SW,SW_Biomass_for_Other,2026,327623.9999999992,0.0,0.0,0.0,0.0
SW,SW,SW_Biomass_for_Other,2030,315622.79999999976,0.0,0.0,0.0,0.0
SW,SW,SW_CCGT,2020,74027954.82756844,0.0,0.0,0.0,0.0
SW,SW,SW_CCGT,2022,70692302.53512861,0.0,0.0,0.0,0.0
SW,SW,SW_CCGT,2026,88564239.95664217,0.0,0.0,0.0,0.0
SW,SW,SW_CCGT,2030,94715254.8997801,0.0,0.0,0.0,0.0
SW,SW,SW_Coal,2020,37263105.36038806,0.0,0.0,0.0,0.0
SW,SW,SW_Coal,2022,43251439.61577438,0.0,0.0,0.0,0.0
SW,SW,SW_Coal,2026,41559851.25493207,0.0,0.0,0.0,0.0
SW,SW,SW_Coal,2030,42509543.48652131,0.0,0.0,0.0,0.0
SW,SW,SW_Geothermal_for_Other,2020,3564531.5999999777,0.0,0.0,0.0,0.0
SW,SW,SW_Geothermal_for_Other,2022,3564531.5999999777,0.0,0.0,0.0,0.0
SW,SW,SW_Geothermal_for_Other,2026,3564531.5999999777,0.0,0.0,0.0,0.0
SW,SW,SW_Geothermal_for_Other,2030,3564531.5999999777,0.0,0.0,0.0,0.0
SW,SW,SW_Hydro,2020,5849756.754263691,0.0,0.0,0.0,0.0
SW,SW,SW_Hydro,2022,5849756.450081232,0.0,0.0,0.0,0.0
SW,SW,SW_Hydro,2026,5849757.495026353,0.0,0.0,0.0,0.0
SW,SW,SW_Hydro,2030,5527009.195676735,0.0,0.0,0.0,0.0
SW,SW,SW_Nuclear,2020,24117937.328747217,0.0,0.0,0.0,0.0
SW,SW,SW_Nuclear,2022,24117937.328747217,0.0,0.0,0.0,0.0
SW,SW,SW_Nuclear,2026,24117937.328747217,0.0,0.0,0.0,0.0
SW,SW,SW_Nuclear,2030,24117937.328747217,0.0,0.0,0.0,0.0
SW,SW,SW_Peaker,2020,0.0,0.0,0.0,0.0,0.0
SW,SW,SW_Peaker,2022,25077.38816830415,0.0,0.0,104.96622011831067,104.96622011831067
SW,SW,SW_Peaker,2026,0.0,0.0,0.0,0.0,0.0
SW,SW,SW_Peaker,2030,31409.486285827374,0.0,0.0,175.05832651909068,175.05832651909066
SW,SW,SW_ST,2020,0.0,0.0,0.0,0.0,0.0
SW,SW,SW_ST,2022,0.0,0.0,0.0,0.0,0.0
SW,SW,SW_ST,2026,0.0,0.0,0.0,0.0,0.0
SW,SW,SW_ST,2030,0.0,0.0,0.0,0.0,0.0
SW,SW,SW_Small_Hydro_for_Other,2020,0.0,0.0,0.0,0.0,0.0
SW,SW,SW_Small_Hydro_for_Other,2022,0.0,0.0,0.0,0.0,0.0
SW,SW,SW_Small_Hydro_for_Other,2026,0.0,0.0,0.0,0.0,0.0
SW,SW,SW_Small_Hydro_for_Other,2030,0.0,0.0,0.0,0.0,0.0
SW,SW,SW_Solar_for_Other,2020,4698924.144453496,0.0,0.0,0.0,0.0
SW,SW,SW_Solar_for_Other,2022,4698924.144453496,0.0,0.0,0.0,0.0
SW,SW,SW_Solar_for_Other,2026,4679361.387938368,0.0,0.0,0.0,0.0
SW,SW,SW_Solar_for_Other,2030,6932342.882620058,0.0,0.0,0.0,0.0
SW,SW,SW_Wind_for_Other,2020,8190567.970643785,0.0,0.0,0.0,0.0
SW,SW,SW_Wind_for_Other,2022,8190567.970643785,0.0,0.0,0.0,0.0
SW,SW,SW_Wind_for_Other,2026,8190567.970643785,0.0,0.0,0.0,0.0
SW,SW,SW_Wind_for_Other,2030,6689716.404711151,0.0,0.0,0.0,0.0
